a,cv,eopt,gyo,idcr,lcor,lgrad,lo,lopt,lrio,o,std,yo
0.0368242745618,0.259459979308,4.0,15.9551411062,000137415P,16.1355968003,60.8472829496,27.156,38.4914398749,164.465198015,0.2,445.284142795,1716.19586182
