a,cv,eopt,gyo,idcr,lcor,lgrad,lo,lopt,lrio,o,std,yo
0.03682427456179113,0.25945997930784065,10.0,15.955141106183614,000137415P,4.033899200069046,30.42364147478432,27.156,17.22877033742668,164.46519801484916,0.1,445.28414279532046,1716.195861817308
0.03682427456179113,0.25945997930784065,6.0,15.955141106183614,000137415P,9.07627320015535,45.63546221217646,27.156,27.355867706165906,164.46519801484916,0.15,445.28414279532046,1716.195861817308
0.03682427456179113,0.25945997930784065,4.0,15.955141106183614,000137415P,16.135596800276183,60.84728294956864,27.156,38.491439874922406,164.46519801484916,0.2,445.28414279532046,1716.195861817308
