,mx_co,mx_di,mx_gr,mx_si
0,,8.822825880479607,17.60476759235972,
1,,7.199013609816523,5.012630964719027,
2,,12.674103036967038,9.407987314756285,
