a,cv,eopt,gyo,idcr,lcor,lgrad,lo,lopt,lrio,o,std,yo
0.00017282095331,0.501368122229,2.0,131.802107102,000497405A,920.767878174,74.4110652975,5786.3354,497.589471736,839.949668815,0.2,8692.4380389,17337.436613
