a,cv,eopt,gyo,idcr,lcor,lgrad,lo,lopt,lrio,o,std,yo
0.0880529726684,0.776875230958,20.0,27.351314185,004991405A,0.752685273114,17.9723136507,11.3568,9.36249946192,184.621063637,0.2,675.085023558,868.974832323
