a,cv,eopt,gyo,idcr,lcor,lgrad,lo,lopt,lrio,o,std,yo
0.08864462370357237,1.2057552662050854,46.0,18.074359777889438,004991405A,0.07759420080866275,7.887845804322271,11.281,3.9827200025654665,184.62106363655667,0.1,607.764751836099,504.0531597667723
0.08864462370357237,1.2057552662050854,31.0,18.074359777889438,004991405A,0.17458695181949113,11.831768706483404,11.281,6.003177829151447,184.62106363655667,0.15,607.764751836099,504.0531597667723
0.08864462370357237,1.2057552662050854,23.0,18.074359777889438,004991405A,0.310376803234651,15.775691608644541,11.281,8.043034205939597,184.62106363655667,0.2,607.764751836099,504.0531597667723
