a,cv,eopt,gyo,idcr,lcor,lgrad,lo,lopt,lrio,o,std,yo
0.10779114387961884,0.6221513870243971,17.0,10.925182596353922,001371608P,0.23967612357003204,14.98591265416078,9.2772,7.612794388865406,126.09413408040483,0.1,360.13305186843803,578.8511596685
0.10779114387961884,0.6221513870243971,11.0,10.925182596353922,001371608P,0.539271278032572,22.478868981241167,9.2772,11.50907012963687,126.09413408040483,0.15,360.13305186843803,578.8511596685
0.10779114387961884,0.6221513870243971,8.0,10.925182596353922,001371608P,0.9587044942801282,29.97182530832156,9.2772,15.465264901300843,126.09413408040483,0.2,360.13305186843803,578.8511596685
