a,cv,eopt,gyo,idcr,lcor,lgrad,lo,lopt,lrio,o,std,yo
0.10779114388,0.622151387024,8.0,10.9251825964,001371608P,0.95870449428,29.9718253083,9.2772,15.4652649013,126.09413408,0.2,360.133051868,578.851159669
