,mx_co,mx_di,mx_gr,mx_si
0,,6.93166687499,49.7433045082,
