a,cv,eopt,gyo,idcr,lcor,lgrad,lo,lopt,lrio,o,std,yo
0.0291460215681,0.484750302118,6.0,70.0796717514,000499413A,5.84042609254,10.078630522,34.31,7.95952830726,48.2011834669,0.2,605.252626407,1248.58638305
