a,cv,eopt,gyo,idcr,lcor,lgrad,lo,lopt,lrio,o,std,yo
0.0376744326230447,1.0103802424006887,14.0,25.89371403394069,000499413A,0.26000613115290966,6.484328958836125,26.5432,3.372167544994517,48.20118346690114,0.1,599.7900241164845,593.6280213589375
0.0376744326230447,1.0103802424006887,9.0,25.89371403394069,000499413A,0.5850137950940466,9.726493438254186,26.5432,5.155753616674117,48.20118346690114,0.15,599.7900241164845,593.6280213589375
0.0376744326230447,1.0103802424006887,7.0,25.89371403394069,000499413A,1.0400245246116386,12.96865791767225,26.5432,7.004341221141944,48.20118346690114,0.2,599.7900241164845,593.6280213589375
