,mx_co,mx_di,mx_gr,mx_si
0,,6.93828709873051,26.760195885231077,
