,mx_co,mx_di,mx_gr,mx_si
0,,6.93828709873,26.7601958852,
