a,cv,eopt,gyo,idcr,lcor,lgrad,lo,lopt,lrio,o,std,yo
0.0483437433527,0.342750492396,7.0,7.5007626863,000466213A,7.04309491175,73.5975893377,20.6852,40.3203421247,294.280638228,0.2,334.481508215,975.874624939
