,mx_co,mx_di,mx_gr,mx_si
0,,19.4860044954,40.1339964476,
