,mx_co,mx_di,mx_gr,mx_si
0,,19.51738621192957,0.46610834603353113,
1,,11.49570017285631,0.2985357207152836,
2,,9.673735966258523,0.585641316826309,
