,mx_co,mx_di,mx_gr,mx_si
0,,8.068723758478708,2.4680177566614403,
