,mx_co,mx_di,mx_gr,mx_si
0,,1.1923717518927848,0.0,
1,,13.791580399180544,14.69212841633723,
2,,12.685100620243544,15.973674656205427,
