,mx_co,mx_di,mx_gr,mx_si
0,,1.19237175189,0.0,
1,,13.7915803992,14.6921284163,
2,,12.6851006202,15.9736746562,
