a,cv,eopt,gyo,idcr,lcor,lgrad,lo,lopt,lrio,o,std,yo
0.0470610381665,1.7484677758,10.0,11.2268600714,001371915P,0.278024598643,22.934582478,21.249,11.6063035383,112.92903405,0.2,795.851046204,455.170554025
