,mx_co,mx_di,mx_gr,mx_si
0,,2.4532235082697356,62.4732078715466,
1,,12.82438462831363,10.663346309051699,
2,,13.66859469670624,1.2078701623430925,
