a,cv,eopt,gyo,idcr,lcor,lgrad,lo,lopt,lrio,o,std,yo
0.551693699658,0.177041634334,3.0,50.2036542987,000013604P,2.31318915147,39.7980358163,1.8126,21.0556124839,53.4285696438,0.2,625.312902415,3532.01044922
