,mx_co,mx_di,mx_gr,mx_si
0,,4.09375917931,11.5749382635,
1,,17.0109231992,14.2961676256,
2,,12.9240833557,15.1504748436,
