,mx_co,mx_di,mx_gr,mx_si
0,,26.14345578441797,0.029552444839126113,
