,mx_co,mx_di,mx_gr,mx_si
0,,19.317735357345313,0.12633313041592692,
