,mx_co,mx_di,mx_gr,mx_si
0,,12.0772164562,4038.72876994,
1,,22.5307258589,2801.13485725,
2,,10.4751508008,1368.4767191,
