,mx_co,mx_di,mx_gr,mx_si
0,,12.07721645622692,4038.728769935324,
1,,22.530725858926345,2801.134857246337,
2,,10.47515080080635,1368.476719103321,
