,mx_co,mx_di,mx_gr,mx_si
0,,8.85172975989,605.214953926,
1,,21.063903316,943.742574464,
2,,12.3671363203,2040.57761707,
