a,cv,eopt,gyo,idcr,lcor,lgrad,lo,lopt,lrio,o,std,yo
0.0239781702738,0.737513915876,24.0,32.4464356453,000498805A,3.06692752272,11.944294048,41.7046,7.50561078538,179.045928878,0.2,505.26906741,685.097672781
