,mx_co,mx_di,mx_gr,mx_si
0,,7.89898037631,56.1980607625,
1,,19.9975029713,13.98826913,
2,,12.8018906036,12.8244281054,
