a,cv,eopt,gyo,idcr,lcor,lgrad,lo,lopt,lrio,o,std,yo
0.11618450098756827,1.3796131175747939,22.0,6.865582685410746,004984915A,0.04522068876241012,11.164893544585569,8.607,5.605057116673989,124.56373140953247,0.1,373.8903962297665,271.0110475660192
0.11618450098756827,1.3796131175747939,15.0,6.865582685410746,004984915A,0.10174654971542275,16.747340316878347,8.607,8.424543433296884,124.56373140953247,0.15,373.8903962297665,271.0110475660192
0.11618450098756827,1.3796131175747939,11.0,6.865582685410746,004984915A,0.1808827550496405,22.329787089171138,8.607,11.25533492211039,124.56373140953247,0.2,373.8903962297665,271.0110475660192
