a,cv,eopt,gyo,idcr,lcor,lgrad,lo,lopt,lrio,o,std,yo
0.0969011027345,0.679579009569,14.0,25.1863262217,004984915A,0.893822657988,16.998920082,10.3198,8.94637137,124.56373141,0.2,514.340974451,756.852355956
