a,cv,eopt,gyo,idcr,lcor,lgrad,lo,lopt,lrio,o,std,yo
0.097406076191,0.426490908813,4.0,15.0418630345,001315815P,2.25763841464,34.6720991661,10.2663,18.4648687904,73.0622359327,0.2,393.202757514,921.948743547
