a,cv,eopt,gyo,idcr,lcor,lgrad,lo,lopt,lrio,o,std,yo
0.00174240372958,0.410644264489,0.0,307.782232486,000013202P,136.138097323,7.50757127124,573.9198,71.8228342972,15.3929672841,0.2,1677.38896431,4084.77387696
