a,cv,eopt,gyo,idcr,lcor,lgrad,lo,lopt,lrio,o,std,yo
0.0017424037295803352,0.41064426448934904,1.0,307.78223248566235,000013202P,34.03452433076464,3.753785635620993,573.9198,18.894154983192816,15.392967284141653,0.1,1677.3889643083962,4084.7738769572
0.0017424037295803352,0.41064426448934904,0.0,307.78223248566235,000013202P,76.57767974422042,5.630678453431488,573.9198,41.10417909882595,15.392967284141653,0.15,1677.3889643083962,4084.7738769572
0.0017424037295803352,0.41064426448934904,0.0,307.78223248566235,000013202P,136.13809732305856,7.507571271241986,573.9198,71.82283429715028,15.392967284141653,0.2,1677.3889643083962,4084.7738769572
