,mx_co,mx_di,mx_gr,mx_si
0,-0.9974489506629518,6.217823348914408,692.0905257971551,0.0034368856009030445
1,-0.9113196892714159,4.882743137142284,881.327669712846,0.11432233067491042
2,-0.888033964024832,5.070460268017801,848.6994086133116,0.14258263463797827
3,0.9851169353759658,7.871554298565636,470.1764285343753,0.019927324448983846
4,0.9999975328362622,2.9077581639075865,0.0,3.3281122298017236e-06
5,0.9999866136061221,3.0067258463298456,0.0,1.8057649463056584e-05
6,0.9999999066759591,11.794364038531828,51.06484264707942,1.2589081379782913e-07
7,0.9999956401543277,0.23069677903063485,0.0,5.881264282732701e-06
8,0.9994129872585523,8.971643362770692,67.13121770413309,0.0007916269423927518
9,0.9994276722607753,8.944859352235618,67.33223184772278,0.0007718288784936508
