,mx_co,mx_di,mx_gr,mx_si
0,,10.00937356488088,0.6611295535016835,
