,mx_co,mx_di,mx_gr,mx_si
0,,12.4325517192,319.939160206,
1,,17.2903716681,217.384578447,
2,,4.90979485476,44.6047149583,
