a,cv,eopt,gyo,idcr,lcor,lgrad,lo,lopt,lrio,o,std,yo
0.0256933346351,0.331637511223,6.0,25.6531525803,004989406A,14.155076585,17.6520708363,38.9206,15.9035737107,98.320981691,0.2,265.475876892,800.50014823
