,mx_co,mx_di,mx_gr,mx_si
0,0.829195044979,8.51885422454,40.3475652711,0.210732253581
1,-0.488800849797,31.5712368666,17.204109918,0.513330727081
2,-0.551327777734,39.9692942099,22.1252607076,0.469465066777
3,-0.258138481678,48.4763964365,9.87668446867,0.629537811479
4,0.0587778766262,23.4894528583,11.0991106396,0.672152030119
5,-0.0114787891067,35.6179328876,4.8638434975,0.674393386044
6,-0.213963497573,23.1656227255,8.60930892318,0.643604204675
7,-0.297395533998,31.7087996432,17.0494006053,0.614828278886
8,0.0906186798856,41.2710475461,3.27277965918,0.668943581176
9,0.078568496341,15.1421767112,5.4815758861,0.670318672791
10,-0.0871095356596,27.2768447299,6.2498055504,0.669364238184
11,0.976341399342,8.86269911631,38.4957247124,0.0315370852268
12,0.525619576825,22.309913576,2.88521769933,0.488139038163
13,0.0656409131342,11.478946885,24.6053053467,0.671576095994
14,0.772165319575,4.25390236336,86.9589723587,0.272329441439
15,0.828542334906,15.4690171379,26.2165966522,0.211462058145
16,-0.227855531582,20.1415588003,30.9618051282,0.639464391096
17,0.792466897171,4.61349865071,154.132699987,0.250904848178
18,0.423870621535,33.5180618189,6.50616484996,0.553300523381
19,0.726355379797,18.9087659198,16.1589615001,0.318630721421
20,0.960991712673,15.5774074839,5.61531082482,0.0515944718475
