,mx_co,mx_di,mx_gr,mx_si
0,,2.296359138506851,0.0,
1,,22.694649892115518,1.6299986433369895,
2,,20.463101207430608,1.807753778871188,
