a,cv,eopt,gyo,idcr,lcor,lgrad,lo,lopt,lrio,o,std,yo
0.000115302100323,0.186299165703,0.0,1936.41630283,000497701A,9995.41782116,88.0584605534,8672.8689,5041.73814086,201.805425992,0.2,56157.2380532,301435.8
