a,cv,eopt,gyo,idcr,lcor,lgrad,lo,lopt,lrio,o,std,yo
0.0659243583912,0.647413569703,12.0,15.3576378804,004984806A,1.44760636428,22.4466860629,15.1689,11.9471462136,138.693457966,0.2,394.533117748,609.398900812
