,mx_co,mx_di,mx_gr,mx_si
0,,26.948293714304473,0.011065251225419272,
