,mx_co,mx_di,mx_gr,mx_si
0,,12.1221679945,61.1193012532,
