a,cv,eopt,gyo,idcr,lcor,lgrad,lo,lopt,lrio,o,std,yo
0.00744351119355,0.240175022457,1.0,630.278582195,004995505A,93.1593534095,24.7674462812,134.3452,58.9633998454,46.8653566107,0.2,6627.75780677,27595.5332031
