,mx_co,mx_di,mx_gr,mx_si
0,-0.682555092744,29.8977719822,455.053897136,0.360253482296
1,-0.91099631546,35.8729993541,264.251670356,0.114719795834
2,-0.744087595861,7.57341902359,1626.35918743,0.301044127674
3,0.84714869161,15.5311394754,179.664885189,0.190432709728
4,-0.545723381359,26.185983728,519.556484779,0.473611992476
5,0.692868574658,5.98438364105,689.393913168,0.350685676878
6,0.612238453332,22.6545016399,56.8539563294,0.421662077515
7,-0.835863745413,14.8332058732,1105.32397292,0.203242952141
8,0.919395509694,3.88354064687,0.0,0.104350429397
9,-0.316993217364,28.6374759179,99.0869313148,0.606707110369
10,-0.169911879832,20.7873875971,590.256968723,0.655009923165
11,0.299507297842,9.81193520417,420.46727484,0.613978081981
12,-0.777544100524,8.01127765481,1885.77910428,0.26670726254
13,0.796655392657,18.8584740596,68.2981052885,0.246415473
14,-0.844641915606,10.9754603351,1493.83238118,0.19329314858
