,mx_co,mx_di,mx_gr,mx_si
0,,16.8495396482,4.40218764154,
1,,31.6315579785,11.083231017,
2,,14.9065145643,18.5425659435,
