a,cv,eopt,gyo,idcr,lcor,lgrad,lo,lopt,lrio,o,std,yo
0.0557162039436,0.48912072163,16.0,114.899927696,004987805A,3.00086423596,33.6055931399,17.9481,18.3032286879,294.944687291,0.2,3338.66153392,6825.84357252
