a,cv,eopt,gyo,idcr,lcor,lgrad,lo,lopt,lrio,o,std,yo
0.06755296152183311,0.9911565817610856,63.0,128.29544544845643,004987805A,0.15068536286617418,9.273380239061547,14.8032,4.71203280096386,294.94468729118734,0.1,4169.140992288784,4206.339410954685
0.06755296152183311,0.9911565817610856,41.0,128.29544544845643,004987805A,0.3390420664488918,13.910070358592318,14.8032,7.124556212520605,294.94468729118734,0.15,4169.140992288784,4206.339410954685
0.06755296152183311,0.9911565817610856,31.0,128.29544544845643,004987805A,0.6027414514646967,18.546760478123094,14.8032,9.574750964793896,294.94468729118734,0.2,4169.140992288784,4206.339410954685
