a,cv,eopt,gyo,idcr,lcor,lgrad,lo,lopt,lrio,o,std,yo
0.00784394933436,0.356744107821,2.0,40.6034211291,013777315P,40.0692850922,7.08467949837,127.4868,23.5769822953,36.9624511099,0.2,181.411433581,508.519775391
