a,cv,eopt,gyo,idcr,lcor,lgrad,lo,lopt,lrio,o,std,yo
0.007843949334362459,0.35674410782146915,5.0,40.60342112906354,013777315P,10.01732127306244,3.5423397491874704,127.4868,6.779830511124954,36.962451109919954,0.1,181.41143358131725,508.5197753906666
0.007843949334362459,0.35674410782146915,3.0,40.60342112906354,013777315P,22.53897286439048,5.313509623781205,127.4868,13.926241244085842,36.962451109919954,0.15,181.41143358131725,508.5197753906666
0.007843949334362459,0.35674410782146915,2.0,40.60342112906354,013777315P,40.06928509224976,7.084679498374941,127.4868,23.576982295312348,36.962451109919954,0.2,181.41143358131725,508.5197753906666
