,mx_co,mx_di,mx_gr,mx_si
0,0.7192386863292392,38.98760025564742,1.8474979230753341,0.325569693612624
1,-0.355064875612989,42.401460524358164,6.552662687229585,0.5894495604397731
2,-0.7125753702455129,53.56467522770838,9.035626845929935,0.33200467902559866
3,0.7889045681607371,55.72132102038756,0.7043933026576867,0.2547044532221778
4,0.7642290288684014,51.732539445069264,1.491570306710597,0.2805535871921683
5,0.12818402941842516,3.580870188309684,57.47568242934605,0.6633997415368302
6,-0.48470612347942926,14.808731474236193,27.81878432327021,0.5160193783538105
7,0.1802941061099799,16.901951616814163,6.583809867808325,0.6525575611251487
8,0.16209171548197135,12.80343264459932,0.40092445295639595,0.6567610967472055
9,-0.1849318234310679,11.85385726689037,17.39079057369812,0.6514151132166383
10,-0.24848612481979465,13.84370988108814,22.905145826349543,0.6328361116647351
11,-0.2959874851857914,9.66528136318634,20.762949467706143,0.6153918170776558
12,0.6971167568944193,2.181907073923732,239.80862845916494,0.3467029191798695
13,0.7274399610952553,2.414673616346264,168.48144403448887,0.3175672252912324
14,0.9989803076557997,4.1887928680011255,27.79140643556136,0.0013748274806178863
