a,cv,eopt,gyo,idcr,lcor,lgrad,lo,lopt,lrio,o,std,yo
0.00707687038146,0.333214669762,2.0,51.7571817248,013777915P,50.9061818048,12.4338972081,141.3054,31.6700395065,49.7055276949,0.2,379.076634865,1137.63489205
