,mx_co,mx_di,mx_gr,mx_si
0,,5.83974693976,25.2805141974,
