,mx_co,mx_di,mx_gr,mx_si
0,,6.123162936594844,0.07509163822525217,
1,,22.32875626291302,0.7496547833261807,
2,,16.702405722872495,0.974653644049333,
