,mx_co,mx_di,mx_gr,mx_si
0,,18.94560841866502,0.4317596512520047,
1,,5.831643346234116,0.011937602623936332,
2,,13.242298215182748,0.6229708008730169,
