,mx_co,mx_di,mx_gr,mx_si
0,,26.143455835,2.11028705926,
1,,14.2062523706,121.800786918,
2,,22.5794791866,79.0763551131,
