a,cv,eopt,gyo,idcr,lcor,lgrad,lo,lopt,lrio,o,std,yo
0.03836665477300369,1.914558140530003,66.0,36.52660085613843,004664910A,0.07110644181818014,14.636236377384058,26.0643,7.3536714096011195,487.9850601823633,0.1,3618.7804844429556,1890.1387259209462
0.03836665477300369,1.914558140530003,44.0,36.52660085613843,004664910A,0.15998949409090527,21.95435456607608,26.0643,11.057172030083493,487.9850601823633,0.15,3618.7804844429556,1890.1387259209462
0.03836665477300369,1.914558140530003,33.0,36.52660085613843,004664910A,0.28442576727272056,29.272472754768117,26.0643,14.778449261020418,487.9850601823633,0.2,3618.7804844429556,1890.1387259209462
