a,cv,eopt,gyo,idcr,lcor,lgrad,lo,lopt,lrio,o,std,yo
0.00191501031042,0.768440889419,12.0,80.1765294964,004664910A,35.3726781701,46.0894174201,522.1904,40.7310477951,487.985060182,0.2,5019.77150531,6532.41072206
