a,cv,eopt,gyo,idcr,lcor,lgrad,lo,lopt,lrio,o,std,yo
0.0701798710094,0.512013150462,11.0,33.5753360829,000137815P,2.17412842809,22.2681554248,14.2491,12.2211419264,138.357370172,0.2,676.722690731,1321.69005839
