,mx_co,mx_di,mx_gr,mx_si
0,,4.607455275444138,9.54041823428503,
1,,11.206641755341654,4.328808827709426,
2,,8.971918184921396,0.5076238260458346,
