,mx_co,mx_di,mx_gr,mx_si
0,,10.720425340740075,8.121102778902408,
1,,11.133781570260172,8.551717313058,
2,,7.600073553600091,1.0725260132040182,
