a,cv,eopt,gyo,idcr,lcor,lgrad,lo,lopt,lrio,o,std,yo
0.148880419247,0.0946460045508,2.0,4.70033006651,001377815P,29.9928570798,99.3706699365,6.7168,64.6817635082,122.253172305,0.2,78.1472805723,825.679656982
