,mx_co,mx_di,mx_gr,mx_si
0,1.0,51.8635719736,0.936923977118,2.99530292826e-16
1,-1.0,27.7936476898,7.3431928939,0.0
2,1.0,40.0705070442,0.915325359611,0.0
3,1.0,25.4662803244,6.1061878731,0.0
4,1.0,11.8070793546,1.00911262584,1.49765146413e-16
5,-1.0,14.0789856863,11.8912376695,0.0
