,mx_co,mx_di,mx_gr,mx_si
0,-1.0,12.640135471,13.5908311983,0.0
1,1.0,3.75656056829,0.0,2.99530292826e-16
2,-1.0,12.1928237787,14.0894308511,0.0
3,-1.0,8.95761283846,19.1780947232,0.0
4,1.0,0.447756322855,0.0,0.0
5,-1.0,8.51001565035,20.1867957202,0.0
