a,cv,eopt,gyo,idcr,lcor,lgrad,lo,lopt,lrio,o,std,yo
0.00603360112466,1.55576180351,11.0,117.274895745,004989215A,2.73903250388,16.4257932771,165.7385,9.58241289051,107.348176286,0.2,5297.848366,3405.30816096
