,mx_co,mx_di,mx_gr,mx_si
0,0.9999999999999999,21.641960105570156,4.210431660279571,1.497651464131725e-16
1,-1.0,27.047067603995252,5.052373862906841,0.0
2,-0.9999999999999999,19.070029662016726,7.438105599385805,1.497651464131725e-16
3,-1.0,9.692112999080532,4.697624080117444,0.0
4,-0.9999999999999999,2.812804668069752,18.032855592958,1.497651464131725e-16
5,-1.0,11.880631796194562,0.43709771230039673,0.0
