,mx_co,mx_di,mx_gr,mx_si
0,,24.5304135616,38.2193187928,
1,,20.8064105747,51.3812585277,
2,,10.2461078408,12.8364708616,
