,mx_co,mx_di,mx_gr,mx_si
0,,5.92630127999,61.8934179041,
