a,cv,eopt,gyo,idcr,lcor,lgrad,lo,lopt,lrio,o,std,yo
0.0636383306393,0.912529351181,35.0,58.1669104799,004991605A,0.754827176699,20.1564890129,15.7138,10.4556580948,369.29053565,0.2,1891.31007586,2072.60190964
