,mx_co,mx_di,mx_gr,mx_si
0,1.0,15.737550517715853,3.3312774692555287,0.0
1,1.0,26.579706235380083,0.7383406632073662,0.0
2,-0.9999999999999998,36.362426877163706,8.11862452476733,2.99530292826345e-16
3,1.0,12.077216421952896,2.715962717338306,0.0
4,-0.9999999999999999,22.53072587267832,15.429553404113749,1.497651464131725e-16
5,1.0000000000000002,10.475150842015886,30.055678748975293,-2.99530292826345e-16
