,mx_co,mx_di,mx_gr,mx_si
0,,10.41777092411912,1.645028249404425,
1,,18.619832263217873,4.95574203594104,
2,,8.669636710322349,8.666748157225415,
