,mx_co,mx_di,mx_gr,mx_si
0,,10.4177709241,1.6450282494,
1,,18.6198322632,4.95574203594,
2,,8.66963671032,8.66674815723,
