,mx_co,mx_di,mx_gr,mx_si
0,,4.188716725973494,30.586815776175797,
1,,24.702360283343943,49.02226193293734,
2,,20.582488121675254,52.61006652522252,
