a,cv,eopt,gyo,idcr,lcor,lgrad,lo,lopt,lrio,o,std,yo
1.3745704467353952,0.29479415814553805,9.0,5.585039266954193,137551915P,0.08371345216901617,5.100895211307041,0.7275,2.5923043317380285,24.410295688610503,0.1,29.692482705119875,100.722764968975
1.3745704467353952,0.29479415814553805,6.0,5.585039266954193,137551915P,0.18835526738028632,7.651342816960559,0.7275,3.919849042170423,24.410295688610503,0.15,29.692482705119875,100.722764968975
1.3745704467353952,0.29479415814553805,5.0,5.585039266954193,137551915P,0.3348538086760647,10.201790422614081,0.7275,5.2683221156450735,24.410295688610503,0.2,29.692482705119875,100.722764968975
