a,cv,eopt,gyo,idcr,lcor,lgrad,lo,lopt,lrio,o,std,yo
1.37457044674,0.294794158146,5.0,5.58503926695,137551915P,0.334853808676,10.2017904226,0.7275,5.26832211565,24.4102956886,0.2,29.6924827051,100.722764969
