,mx_co,mx_di,mx_gr,mx_si
0,1.0,3.281232102713177,7.0373035442712375,0.0
1,-0.9999999999999999,12.087218344427447,4.192336843113455,1.497651464131725e-16
2,-0.9999999999999998,17.677322817755872,1.1821931674523207,2.99530292826345e-16
3,-1.0,9.04847047341827,8.152175256447919,0.0
4,0.9999999999999999,14.630934805717423,0.14988899076653842,1.497651464131725e-16
5,-1.0,5.5931393942980385,12.79633779967369,0.0
