,mx_co,mx_di,mx_gr,mx_si
0,1.0,3.28123210271,7.03730354427,0.0
1,-1.0,12.0872183444,4.19233684311,1.49765146413e-16
2,-1.0,17.6773228178,1.18219316745,2.99530292826e-16
3,-1.0,9.04847047342,8.15217525645,0.0
4,1.0,14.6309348057,0.149888990767,1.49765146413e-16
5,-1.0,5.5931393943,12.7963377997,0.0
