,mx_co,mx_di,mx_gr,mx_si
0,1.0,21.990377229937454,16.32815909319027,0.0
1,1.0,11.094784041666257,11.876665870547258,0.0
2,1.0,27.986360356765786,17.14526691028122,0.0
3,1.0,12.901449156821469,17.61765924107519,0.0
4,1.0,6.098828034987785,19.802368511053924,0.0
5,1.0,18.93885805934939,18.37832957534028,0.0
