a,cv,eopt,gyo,idcr,lcor,lgrad,lo,lopt,lrio,o,std,yo
0.10007806088749224,0.5006103575108488,16.0,16.302602682886096,001375608P,0.39871397358446986,8.695570175842336,9.9922,4.5471420747134035,71.598297816093,0.1,250.9053061986798,501.1987915037143
0.10007806088749224,0.5006103575108488,10.0,16.302602682886096,001375608P,0.897106440565057,13.043355263763504,9.9922,6.97023085216428,71.598297816093,0.15,250.9053061986798,501.1987915037143
0.10007806088749224,0.5006103575108488,8.0,16.302602682886096,001375608P,1.5948558943378794,17.391140351684673,9.9922,9.492998123011276,71.598297816093,0.2,250.9053061986798,501.1987915037143
