a,cv,eopt,gyo,idcr,lcor,lgrad,lo,lopt,lrio,o,std,yo
0.100078060887,0.500610357511,8.0,16.3026026829,001375608P,1.59485589434,17.3911403517,9.9922,9.49299812301,71.5982978161,0.2,250.905306199,501.198791504
