,mx_co,mx_di,mx_gr,mx_si
0,0.8443556362706899,9.473351097251879,9.762946874504602,0.19361927767894926
1,0.6358094796605346,11.466756116613476,8.065735640090928,0.40182031312803457
2,0.22780346367026733,27.135250007532417,11.538566923322492,0.6394803933304557
3,0.8112475555272867,11.082786842796752,28.228416034666974,0.2305902430299292
4,0.940601481568987,4.763078456821856,27.99032823069584,0.077746796112504
5,-0.022863153203944872,36.53017774174541,13.797330934966263,0.6741296896679855
6,0.8879575922215592,2.5508208918360054,0.0,0.1426741184961139
7,0.45355110345182226,18.636393276503494,11.837809571509052,0.5357354543261287
8,0.27675158926068605,18.510299967861496,21.89793477208726,0.6228226887612449
9,0.5038954432644389,12.912098934925803,17.488090357657835,0.5032240509009854
10,0.19313318410559221,27.95858105898221,14.719313797142364,0.6493237815008458
11,0.7497007534843014,16.14112368462271,13.667826293727872,0.2953886819903727
12,-0.18813741927327654,20.983022708261576,19.317395160059938,0.6506084936706126
13,0.16615994035930826,15.244922051302298,14.812010984451724,0.6558603920934212
14,0.5665657518437203,25.492541619581505,16.143197256325823,0.4579756441798744
15,-0.5932781329088158,37.12386859151821,16.861158057164676,0.437078705492631
16,-0.19417746770232294,31.290346028871877,14.267085035623525,0.6490509789497113
17,0.9580402626243766,9.398148282081305,20.314326555903172,0.05541469012910958
18,0.9614848514220891,6.3218131843454906,28.398401406666533,0.05095503050317663
19,-0.7426945560969896,46.46710319865515,17.579500614569014,0.3024410793474848
20,-0.3886266288725004,40.67962058391583,15.667281839472103,0.5726147593057694
