,mx_co,mx_di,mx_gr,mx_si
0,,10.417770889259764,1.1723194534297643,
