,mx_co,mx_di,mx_gr,mx_si
0,,14.72500009996148,1.7726586550205707,
