a,cv,eopt,gyo,idcr,lcor,lgrad,lo,lopt,lrio,o,std,yo
0.03917374732149503,1.4983809500478773,60.0,29.792147312176795,000499812A,0.11369998213669101,12.652384929858734,25.5273,6.383042455997712,384.0066883662034,0.1,1996.8776324934738,1332.6902163496327
0.03917374732149503,1.4983809500478773,40.0,29.792147312176795,000499812A,0.2558249598075547,18.978577394788093,25.5273,9.617201177297824,384.0066883662034,0.15,1996.8776324934738,1332.6902163496327
0.03917374732149503,1.4983809500478773,30.0,29.792147312176795,000499812A,0.45479992854676404,25.304769859717467,25.5273,12.879784894132115,384.0066883662034,0.2,1996.8776324934738,1332.6902163496327
