a,cv,eopt,gyo,idcr,lcor,lgrad,lo,lopt,lrio,o,std,yo
0.00136436220433,0.698404713345,8.0,62.689534144,000499812A,60.1057454809,31.6532254804,732.9432,45.8794854807,384.006688366,0.2,2449.88211083,3507.82585515
