a,cv,eopt,gyo,idcr,lcor,lgrad,lo,lopt,lrio,o,std,yo
0.172917639328,0.387806475109,6.0,10.651112139,001317215P,1.53812128177,25.5572735393,5.7831,13.5476974105,78.7986558592,0.2,186.616287454,481.209828695
