,mx_co,mx_di,mx_gr,mx_si
0,,14.9240672855,138.848203509,
1,,9.46738764698,170.519042131,
2,,6.0841411043,75.2464564418,
