,mx_co,mx_di,mx_gr,mx_si
0,,30.7035691102,28.8684000176,
1,,25.6653139237,26.4540705942,
2,,5.58993792173,37.1043277375,
