a,cv,eopt,gyo,idcr,lcor,lgrad,lo,lopt,lrio,o,std,yo
0.00268110243715,0.790064577399,20.0,64.7283033029,004984914A,23.901293377,42.76701101,372.9809,33.3341521935,671.848571863,0.2,3866.2570334,4893.59622491
