,mx_co,mx_di,mx_gr,mx_si
0,-0.388488928648,40.2386308501,4.01345593196,0.572686934969
1,-0.617674414674,46.6786234429,9.86847874246,0.417152651822
2,0.0102134194115,4.30369804393,37.2012545197,0.67441189968
3,0.852371774987,12.3113300808,6.13678631448,0.184445508051
4,-0.450469628061,23.7666437851,7.2348455929,0.537614371447
5,0.962068367377,12.5003181101,23.9314734921,0.0501979754344
6,-0.25152180804,38.5838294612,0.0361033466728,0.631812338186
7,-0.421788349055,32.8809156237,7.20928748899,0.554488214063
8,0.224878524355,22.9925595891,0.454582984878,0.640373453262
9,-0.438158916795,46.0312829078,6.52912580055,0.544992970897
10,-0.649358960316,41.9218305375,12.7904482761,0.390075307447
11,-0.161447300324,33.9827837687,8.49544896297,0.656901721877
12,-0.558271094651,8.34723570754,28.2314980093,0.464268655399
13,0.55620226398,20.364412982,0.581653482939,0.465823779913
14,-0.422205538014,12.3862035152,19.9819096865,0.554250725535
