a,cv,eopt,gyo,idcr,lcor,lgrad,lo,lopt,lrio,o,std,yo
0.0427266434803,0.833793813735,18.0,32.1556705558,000013815P,1.34661633179,28.3687738362,23.4046,14.857695084,274.645605213,0.2,1344.56503993,1612.58697028
