,mx_co,mx_di,mx_gr,mx_si
0,,12.0309283915,3.19052765646,
