a,cv,eopt,gyo,idcr,lcor,lgrad,lo,lopt,lrio,o,std,yo
0.000844176071492,0.51148180744,4.0,354.095241734,000497611A,181.120067437,32.6271256161,1184.587,106.873596526,412.716258303,0.2,10446.0982889,20423.205942
