a,cv,eopt,gyo,idcr,lcor,lgrad,lo,lopt,lrio,o,std,yo
0.160655474335,0.41157661844,7.0,8.91859917851,137553406P,1.46981634743,18.6121002632,6.2245,10.0409583053,69.083382685,0.2,120.77241067,293.438463847
