,mx_co,mx_di,mx_gr,mx_si
0,,12.8364876646,4.52120381106,
