,mx_co,mx_di,mx_gr,mx_si
0,,12.836487664632338,4.521203811063082,
