a,cv,eopt,gyo,idcr,lcor,lgrad,lo,lopt,lrio,o,std,yo
0.07401431436839885,0.43468941147365436,18.0,22.772920586952477,001375408P,0.7150331170066879,9.872906598113666,13.5109,5.293969857560176,97.39126196126345,0.1,345.53960147968115,794.9114755481538
0.07401431436839885,0.43468941147365436,12.0,22.772920586952477,001375408P,1.6088245132650474,14.809359897170497,13.5109,8.209092205217772,97.39126196126345,0.15,345.53960147968115,794.9114755481538
0.07401431436839885,0.43468941147365436,9.0,22.772920586952477,001375408P,2.8601324680267517,19.74581319622733,13.5109,11.302972832127042,97.39126196126345,0.2,345.53960147968115,794.9114755481538
