a,cv,eopt,gyo,idcr,lcor,lgrad,lo,lopt,lrio,o,std,yo
0.0740143143684,0.434689411474,9.0,22.772920587,001375408P,2.86013246803,19.7458131962,13.5109,11.3029728321,97.3912619613,0.2,345.53960148,794.911475548
