,mx_co,mx_di,mx_gr,mx_si
0,,26.0406284286,7.51193972297,
1,,22.1130036406,4.69567161162,
2,,4.12187248363,22.266634406,
