,mx_co,mx_di,mx_gr,mx_si
0,,19.56510968888405,7420.372323288558,
1,,15.36617986758437,1033.8939239878562,
2,,4.228275947014709,38092.924978375275,
