,mx_co,mx_di,mx_gr,mx_si
0,,15.0813087182,1053.4231675,
