a,cv,eopt,gyo,idcr,lcor,lgrad,lo,lopt,lrio,o,std,yo
0.0601699198537,0.128584567813,2.0,17.0119872446,000139415P,40.207110116,50.3233824331,16.6196,45.2652462745,74.9550073788,0.2,194.598161469,1513.38659668
