a,cv,eopt,gyo,idcr,lcor,lgrad,lo,lopt,lrio,o,std,yo
0.00271104098552,0.75293534453,16.0,49.632212314,000499912A,26.0260667448,39.4787133415,368.862,32.7523900431,512.985133261,0.2,2608.010402,3463.79064411
