a,cv,eopt,gyo,idcr,lcor,lgrad,lo,lopt,lrio,o,std,yo
0.00727206088751,0.723733891851,17.0,29.7387302802,004984406A,10.5013386353,24.6339343969,137.5126,17.5676365161,290.039866672,0.2,937.260089214,1295.03412755
