,mx_co,mx_di,mx_gr,mx_si
0,,20.979370017040267,4.566415204240502,
