,mx_co,mx_di,mx_gr,mx_si
0,,20.979370017,4.56641520424,
