,mx_co,mx_di,mx_gr,mx_si
0,,16.05744784921409,0.12229307035896657,
