,mx_co,mx_di,mx_gr,mx_si
0,,11.0689310255,13.4769693277,
