,mx_co,mx_di,mx_gr,mx_si
0,,10.0393237855,760.828057945,
1,,5.04404690408,4855.22825009,
2,,13.9628673741,1206.90108652,
