,mx_co,mx_di,mx_gr,mx_si
0,,10.262113830584394,744.3105138861074,
1,,4.73534607153128,5171.74429356345,
2,,13.96286737409169,1206.9010865174273,
