,mx_co,mx_di,mx_gr,mx_si
0,,15.181118812419877,1.2122380310060463,
