a,cv,eopt,gyo,idcr,lcor,lgrad,lo,lopt,lrio,o,std,yo
8.22799301289e-05,0.378866301094,0.0,1236.64848688,004991508A,3386.83563992,37.8910084994,12153.6321,1712.36332421,230.062084336,0.2,31382.9253479,82833.7734375
