,mx_co,mx_di,mx_gr,mx_si
0,0.9999999999999998,4.159410839403322,6067.402523733454,2.99530292826345e-16
1,1.0,24.702360319215394,1244.7629786470804,0.0
2,1.0,26.102025354708932,1180.5006236807944,0.0
3,1.0,20.55994769164975,268.0825782722471,0.0
4,1.0,22.393358438603997,249.03086339707818,0.0
5,0.9999999999999999,8.949915856265884,7.248515075187176,1.497651464131725e-16
