,mx_co,mx_di,mx_gr,mx_si
0,1.0,4.18871678132,6024.95254317,2.99530292826e-16
1,1.0,24.7023603192,1244.76297865,-2.99530292826e-16
2,1.0,26.1020253547,1180.50062368,2.99530292826e-16
3,1.0,20.5824881118,267.788994041,1.49765146413e-16
4,1.0,22.5522710811,247.276088793,1.49765146413e-16
5,1.0,8.94991585627,7.24851507519,1.49765146413e-16
