,mx_co,mx_di,mx_gr,mx_si
0,0.9999999999999999,8.594261390215102,65.0333459552841,1.497651464131725e-16
1,1.0,16.709575823999213,115.10185793571408,0.0
2,0.9999999999999999,25.013222948758916,55.834725823658616,1.497651464131725e-16
3,1.0,8.146811156354694,167.47530073478455,0.0
4,1.0,16.720248728279337,50.100502971178365,0.0
5,-1.0,8.895365224176585,59.21024759258883,0.0
