,mx_co,mx_di,mx_gr,mx_si
0,1.0,8.59426139022,65.0333459553,1.49765146413e-16
1,1.0,16.709575824,115.101857936,0.0
2,1.0,25.0132229488,55.8347258237,1.49765146413e-16
3,1.0,8.14681115635,167.475300735,0.0
4,1.0,16.7202487283,50.1005029712,0.0
5,-1.0,8.89536522418,59.2102475926,0.0
