a,cv,eopt,gyo,idcr,lcor,lgrad,lo,lopt,lrio,o,std,yo
0.114746009708,0.894220510055,34.0,37.2628783722,004929913A,0.435946450526,32.6141932697,8.7149,16.5250698601,562.209856729,0.2,1921.11196554,2148.36490993
