a,cv,eopt,gyo,idcr,lcor,lgrad,lo,lopt,lrio,o,std,yo
0.06409557932789375,1.4509715824504335,94.0,27.330932772031616,004929913A,0.07410612577083449,11.92674231004818,15.6017,6.000424217909507,562.2098567285975,0.1,1672.2076393584184,1152.4744244365947
0.06409557932789375,1.4509715824504335,62.0,27.330932772031616,004929913A,0.16673878298437758,17.890113465072265,15.6017,9.028426124028321,562.2098567285975,0.15,1672.2076393584184,1152.4744244365947
0.06409557932789375,1.4509715824504335,47.0,27.330932772031616,004929913A,0.29642450308333795,23.85348462009636,15.6017,12.074954561589848,562.2098567285975,0.2,1672.2076393584184,1152.4744244365947
