a,cv,eopt,gyo,idcr,lcor,lgrad,lo,lopt,lrio,o,std,yo
0.74178473407,0.129601337316,3.0,5.80969172411,001371415P,3.2104294765,36.5154764307,1.3481,19.8629529536,55.8239524787,0.2,48.603165266,375.020553589
