,mx_co,mx_di,mx_gr,mx_si
0,-1.0,28.5117299635,4.16567602299,1.49765146413e-16
1,-1.0,5.63486719301,11.7146393608,1.49765146413e-16
2,1.0,12.0653679842,0.449253612743,0.0
3,-1.0,22.884133609,2.3055359566,0.0
4,-1.0,16.4784870187,6.87867882521,0.0
5,-1.0,6.48412350114,9.34436656634,1.49765146413e-16
