,mx_co,mx_di,mx_gr,mx_si
0,,17.80073785926365,0.22576593680610033,
1,,11.318732973510016,0.33827808866462866,
2,,6.839188945668002,0.027769506554208408,
