,mx_co,mx_di,mx_gr,mx_si
0,,0.6149354313793911,26.672111818508796,
1,,12.866599727443521,9.924892215784224,
2,,12.609432674837915,8.826565933747071,
