,mx_co,mx_di,mx_gr,mx_si
0,-1.0,9.87810960077,18.0525752993,-2.99530292826e-16
1,-1.0,13.1905191118,13.5192038972,0.0
2,-1.0,20.7644105734,1.84569202655,0.0
3,-1.0,3.709260464,0.0,0.0
4,-1.0,12.2820531222,17.6395609316,0.0
5,-1.0,8.65155253447,25.0417510095,0.0
