a,cv,eopt,gyo,idcr,lcor,lgrad,lo,lopt,lrio,o,std,yo
0.04540150823810367,1.59213004950753,63.0,50.01030583122525,000498605A,0.08689056900763834,11.767069667411493,22.0257,5.926980118209565,372.7806509413415,0.1,3312.541904012348,2080.572441325988
0.04540150823810367,1.59213004950753,42.0,50.01030583122525,000498605A,0.1955037802671862,17.650604501117233,22.0257,8.923054140692209,372.7806509413415,0.15,3312.541904012348,2080.572441325988
0.04540150823810367,1.59213004950753,31.0,50.01030583122525,000498605A,0.34756227603055334,23.534139334822985,22.0257,11.94085080542677,372.7806509413415,0.2,3312.541904012348,2080.572441325988
