a,cv,eopt,gyo,idcr,lcor,lgrad,lo,lopt,lrio,o,std,yo
0.00456522195653,0.24267313834,3.0,42.756745386,000498605A,148.78346911,104.541760586,219.0474,126.662614848,372.780650941,0.2,1917.52558284,7901.6804083
