,mx_co,mx_di,mx_gr,mx_si
0,,6.12316291816,7.88150309293,
1,,22.3287563029,3.19906833255,
2,,16.7024057886,7.16609009428,
