,mx_co,mx_di,mx_gr,mx_si
0,1.0,0.23033323643522371,0.0,0.0
1,1.0,20.87797685824634,0.7882922224259112,0.0
2,1.0000000000000002,12.196523426390554,4.442153810042425,-2.99530292826345e-16
3,1.0000000000000002,21.06390340948717,0.7813341362898151,-2.99530292826345e-16
4,1.0000000000000002,12.367136438439099,4.3808712936501415,-2.99530292826345e-16
5,1.0000000000000002,8.851729735636207,7.979997344561867,-2.99530292826345e-16
