,mx_co,mx_di,mx_gr,mx_si
0,,9.048470447080772,0.02758099738812445,
