,mx_co,mx_di,mx_gr,mx_si
0,,135.438455397,4.66410530857,
