a,cv,eopt,gyo,idcr,lcor,lgrad,lo,lopt,lrio,o,std,yo
0.00565457981383,0.912506745342,7.0,131.258726528,004989615A,8.49547147247,13.5149445713,176.8478,11.0052080219,80.9886449193,0.2,2861.56456728,3135.93798828
