,mx_co,mx_di,mx_gr,mx_si
0,,12.521370265593387,0.4434709966849654,
1,,12.671143713884604,0.4382291509691861,
2,,0.3349416598231263,0.0,
