,mx_co,mx_di,mx_gr,mx_si
0,,15.181118786154155,4.050339032659461,
