,mx_co,mx_di,mx_gr,mx_si
0,,15.1811187862,4.05033903266,
