,mx_co,mx_di,mx_gr,mx_si
0,,4.80456186533,0.0,
1,,12.0273611731,4657.1312854,
2,,7.79834136843,7182.68120792,
