a,cv,eopt,gyo,idcr,lcor,lgrad,lo,lopt,lrio,o,std,yo
0.0447311212303,0.426045748966,11.0,46.5478261259,004984814A,4.92649146069,26.7829012532,22.3558,15.8546963569,175.985924281,0.2,938.940929059,2203.85001221
