a,cv,eopt,gyo,idcr,lcor,lgrad,lo,lopt,lrio,o,std,yo
0.0660475806771198,0.9348574149487412,51.0,54.32236654030206,004984814A,0.17324165815680842,6.6931860083482,15.1406,3.433213833252504,175.98592428147236,0.1,1201.7439922673088,1285.48372516594
0.0660475806771198,0.9348574149487412,34.0,54.32236654030206,004984814A,0.3897937308528189,10.039779012522299,15.1406,5.214786371687559,175.98592428147236,0.15,1201.7439922673088,1285.48372516594
0.0660475806771198,0.9348574149487412,25.0,54.32236654030206,004984814A,0.6929666326272337,13.3863720166964,15.1406,7.039669324661817,175.98592428147236,0.2,1201.7439922673088,1285.48372516594
