a,cv,eopt,gyo,idcr,lcor,lgrad,lo,lopt,lrio,o,std,yo
0.00373196574205,0.805942422391,16.0,30.5212310124,004989915A,16.5011537255,39.9075084815,267.9553,28.2043311035,457.064547178,0.2,1735.34443662,2153.18661534
