,mx_co,mx_di,mx_gr,mx_si
0,,16.471283944947572,2.6431726097894472,
1,,34.446008592065624,1.4707012984341656,
2,,21.06315465123018,0.3381897492956597,
