,mx_co,mx_di,mx_gr,mx_si
0,1.0,12.901118970002898,0.22975861885365853,0.0
1,1.0,12.83678812071455,0.23091004138577328,0.0
2,-0.9999999999999999,16.46649092968818,0.5054127137695213,1.497651464131725e-16
3,1.0,0.6246461977206393,0.0,0.0
4,-0.9999999999999999,3.567365071411344,1.5020135263869854,1.497651464131725e-16
5,-1.0000000000000002,3.676231986276353,1.457533314225812,-2.99530292826345e-16
