a,cv,eopt,gyo,idcr,lcor,lgrad,lo,lopt,lrio,o,std,yo
0.000266287870396,0.288688663001,0.0,1493.53533833,004991705A,1802.3915743,27.3312748743,3755.3344,914.861424587,95.910738262,0.2,20831.959991,72160.6445313
