,mx_co,mx_di,mx_gr,mx_si
0,0.283331352824,13.8192918587,1439.37198561,0.620337077751
1,0.12386584596,15.9750371271,1245.13648414,0.664133846409
2,0.549018976974,21.4096210379,563.186127449,0.471178576423
3,0.62324558963,23.2714464549,166.556041435,0.41248969802
4,-0.420293222724,40.4162302654,1332.67750177,0.55533739959
5,0.389276364594,50.2278678831,130.764061403,0.572273854819
6,0.155776923762,54.3445593741,120.858464502,0.658114967616
7,-0.0306793452474,57.8485074682,63.960163571,0.673847419888
8,0.955091663197,4.42847331542,0.0,0.059219484812
9,0.128770656136,10.9924929893,2906.41105308,0.663298072453
10,0.636642465472,12.876399595,1845.78782191,0.40110540617
11,-0.548703812269,28.0354526268,2630.70132398,0.471411922652
12,0.476210562314,38.3668687023,347.255379789,0.521525532123
13,0.290662517858,42.4334741501,313.976214047,0.617498826873
14,-0.135050454576,46.0136558845,512.697830872,0.662180628425
15,0.547503506149,6.62656235447,4821.3087595,0.472299395853
16,0.853201924447,8.54787944916,2780.46756553,0.18349052138
17,-0.402030682534,24.618854436,2995.78936686,0.565466587551
18,0.308191927163,34.7274920932,383.647098003,0.610418405748
19,0.151128932778,38.8275394759,343.135355532,0.659077113625
20,-0.222364682105,42.3841406713,556.602096653,0.641131772901
21,0.877205159927,1.95070798779,4194.17032877,0.155475652114
22,-0.199451799585,19.1864736003,2178.83703329,0.64765066516
23,-0.0450299547036,28.8184186351,646.30893868,0.67311461205
24,-0.234911450495,32.9351226344,565.523977829,0.637262040399
25,-0.434275352164,36.4408741491,229.346901183,0.547278221243
26,-0.295051584942,17.50468878,2855.5663805,0.615764909373
27,0.296633562276,26.9747918555,387.176296148,0.615133572065
28,0.076314092436,31.0905894014,335.921582739,0.670554180353
29,-0.18978607115,34.5815968588,5.08941217257,0.650188247874
30,-0.12578767186,10.5501919225,5727.83900284,0.663810236164
31,-0.142736162211,14.4981155135,4168.11417491,0.660740617761
32,0.66580819835,18.0892130345,2773.02283331,0.375483897115
33,0.901346082955,4.1167041953,0.0,0.126516170492
34,0.567840495801,7.65711842505,1340.97442798,0.457000290557
35,0.853503417739,3.59135224992,2859.09019373,0.183143459647
