,mx_co,mx_di,mx_gr,mx_si
0,0.9999999999999999,3.1075700661770216,0.0,1.497651464131725e-16
1,1.0000000000000002,2.955817141664483,0.0,-2.99530292826345e-16
2,,6.467611830145902,3.315159083826976,
3,1.0,0.5170797627863789,0.0,0.0
4,,4.752963786038614,4.5111141331134075,
5,,4.37341212317742,4.902616425226655,
