,mx_co,mx_di,mx_gr,mx_si
0,,8.0687237746,8.94998234173,
1,,17.547861644,1.31516703341,
2,,10.4174669239,9.14745447627,
