,mx_co,mx_di,mx_gr,mx_si
0,,8.068723774602496,8.94998234173131,
1,,17.54786164399448,1.3151670334087866,
2,,10.417466923851196,9.14745447627218,
