,mx_co,mx_di,mx_gr,mx_si
0,,7.88447933122,28.1374230357,
