a,cv,eopt,gyo,idcr,lcor,lgrad,lo,lopt,lrio,o,std,yo
0.26219879913,0.170729684712,3.0,48.5691497446,004989902A,5.23372882028,50.9634768135,3.8139,28.0986028169,80.7446396691,0.2,747.056757534,4375.66998846
