a,cv,eopt,gyo,idcr,lcor,lgrad,lo,lopt,lrio,o,std,yo
0.0714872931336,0.63171057135,21.0,103.16172962,004664410A,1.40215120392,17.8639633748,13.9885,9.63305728938,199.417156778,0.2,2057.97260885,3257.7776947
