,mx_co,mx_di,mx_gr,mx_si
0,,13.951540560552893,0.642518489862137,
1,,13.698673512860417,3.235985484803731,
2,,27.573897829849113,1.9327275291202477,
