a,cv,eopt,gyo,idcr,lcor,lgrad,lo,lopt,lrio,o,std,yo
0.00173418905158,0.90737569028,11.0,123.345774737,000013210P,28.0149125839,7.66816969967,576.6384,17.8415411418,197.503356832,0.2,1517.1486787,1672.01821136
