a,cv,eopt,gyo,idcr,lcor,lgrad,lo,lopt,lrio,o,std,yo
0.0017341890515789444,0.9073756902801481,36.0,123.34577473670318,000013210P,7.003728145970651,3.83408484983592,576.6384,5.4189064979032855,197.50335683217676,0.1,1517.148678697751,1672.0182113644
0.0017341890515789444,0.9073756902801481,18.0,123.34577473670318,000013210P,15.758388328433961,5.7511272747538795,576.6384,10.75475780159392,197.50335683217676,0.15,1517.148678697751,1672.0182113644
0.0017341890515789444,0.9073756902801481,11.0,123.34577473670318,000013210P,28.014912583882605,7.66816969967184,576.6384,17.841541141777224,197.50335683217676,0.2,1517.148678697751,1672.0182113644
