,mx_co,mx_di,mx_gr,mx_si
0,,18.376284984588324,0.07708343907912249,
