,mx_co,mx_di,mx_gr,mx_si
0,,9.94312683287,3.49541972011,
