,mx_co,mx_di,mx_gr,mx_si
0,,9.943126832868854,3.495419720113552,
