a,cv,eopt,gyo,idcr,lcor,lgrad,lo,lopt,lrio,o,std,yo
0.01633754678664961,1.5784866706676586,112.0,89.12890230807801,000499410A,0.245658229732847,10.849729944540533,61.2087,5.54769408713669,621.9906753060824,0.1,5396.763813149221,3418.9479793747837
0.01633754678664961,1.5784866706676586,74.0,89.12890230807801,000499410A,0.5527310168989057,16.274594916810795,61.2087,8.41366296685485,621.9906753060824,0.15,5396.763813149221,3418.9479793747837
0.01633754678664961,1.5784866706676586,55.0,89.12890230807801,000499410A,0.982632918931388,21.699459889081066,61.2087,11.341046404006226,621.9906753060824,0.2,5396.763813149221,3418.9479793747837
