a,cv,eopt,gyo,idcr,lcor,lgrad,lo,lopt,lrio,o,std,yo
0.000697109338532,0.951855558048,14.0,151.800083738,000499410A,63.3310940219,24.0384291664,1434.4952,43.6847615941,621.990675306,0.2,6140.08179542,6450.64447384
