,mx_co,mx_di,mx_gr,mx_si
0,1.0,0.5121367598639593,0.0,0.0
1,-1.0,2.7531662536833474,0.6632482277838583,0.0
2,1.0,13.0978177376062,0.15856577902302987,0.0
3,-1.0000000000000002,2.28622758040892,0.7987099159319897,-2.99530292826345e-16
4,1.0,13.362238426884323,0.15542797596595864,0.0
5,-1.0,15.363451045214031,0.2540378655895029,0.0
