,mx_co,mx_di,mx_gr,mx_si
0,-1.0,36.21539177139004,1.2450642179566074,0.0
1,1.0,26.040628385193788,0.15212047544504856,0.0
2,0.9999999999999999,22.113003599403264,0.1756178913718748,1.497651464131725e-16
3,-1.0,10.641678237245754,4.609404655085384,0.0
4,-1.0,14.171629915655634,3.4557723980472748,0.0
5,1.0,4.121872476213616,0.018892798665416828,0.0
