a,cv,eopt,gyo,idcr,lcor,lgrad,lo,lopt,lrio,o,std,yo
0.230505036535,0.272083544346,5.0,14.6969971732,001375215P,2.34409397931,37.1856414058,4.3383,19.7648676926,93.3457773911,0.2,262.864037841,966.115163169
