,mx_co,mx_di,mx_gr,mx_si
0,,13.869789659707207,0.43592937043288493,
