,mx_co,mx_di,mx_gr,mx_si
0,,20.8914759899,396.668957426,
1,,28.2040015232,2352.46400703,
2,,8.82996722626,6575.55084291,
