,mx_co,mx_di,mx_gr,mx_si
0,1.0,33.9709316973,3.34120944381,1.49765146413e-16
1,1.0,27.8800945643,2.67442264068,2.99530292826e-16
2,1.0,13.4279419878,1.95664929271,2.99530292826e-16
3,1.0,6.2242168537,6.25634398517,0.0
4,1.0,20.5429946268,4.24622730005,0.0
5,1.0,14.4753204025,3.33598024715,2.99530292826e-16
