a,cv,eopt,gyo,idcr,lcor,lgrad,lo,lopt,lrio,o,std,yo
0.00730986136848,0.798944072363,18.0,31.573447993,000496913A,8.57270921643,15.8220258461,136.8015,12.1973675313,218.437286123,0.2,705.546255325,883.098429204
