,mx_co,mx_di,mx_gr,mx_si
0,,5.77967975224,5.06384372038,
1,,16.8985661464,1.20210677902,
2,,11.2442568501,4.40947557499,
