a,cv,eopt,gyo,idcr,lcor,lgrad,lo,lopt,lrio,o,std,yo
0.000262995322102,0.304904478225,0.0,3034.0024044,004995712A,1636.00400125,5.69667051183,3802.349,820.850335882,16.0068444498,0.2,9315.92182838,30553.5749512
