a,cv,eopt,gyo,idcr,lcor,lgrad,lo,lopt,lrio,o,std,yo
0.0002585065924221946,0.3049044782246092,0.0,3112.2945994716733,004995712A,416.1029272391631,2.776683163751243,3868.3733,209.43980520145715,16.006844449775073,0.1,9315.921828384502,30553.574951175
0.0002585065924221946,0.3049044782246092,0.0,3112.2945994716733,004995712A,936.2315862881167,4.165024745626863,3868.3733,470.19830551687176,16.006844449775073,0.15,9315.921828384502,30553.574951175
0.0002585065924221946,0.3049044782246092,0.0,3112.2945994716733,004995712A,1664.4117089566523,5.553366327502486,3868.3733,834.9825376420774,16.006844449775073,0.2,9315.921828384502,30553.574951175
