,mx_co,mx_di,mx_gr,mx_si
0,-1.0,2.69898720175,8419.56560221,0.0
1,1.0,8.57346888902,1112.19863442,-2.99530292826e-16
2,1.0,1.40094842319,0.0,0.0
3,1.0,6.18916834564,2130.96472378,1.49765146413e-16
4,-1.0,4.08361452212,5564.75144302,1.49765146413e-16
5,1.0,9.76453473841,976.534022977,-2.99530292826e-16
