,mx_co,mx_di,mx_gr,mx_si
0,-1.0,2.5634690889810936,8864.666986771534,0.0
1,1.0,8.573468889021743,1112.198634418561,0.0
2,1.0,1.4009484231946425,0.0,0.0
3,1.0,6.63356984469716,1988.2054041600445,0.0
4,-1.0000000000000002,3.9643502103121304,5732.162548502701,-2.99530292826345e-16
5,0.9999999999999998,9.764534738409841,976.5340229772016,2.99530292826345e-16
