,mx_co,mx_di,mx_gr,mx_si
0,0.9999999999999999,14.175482446581412,0.5212827741348003,1.497651464131725e-16
1,-1.0,26.38216225647077,0.5481331423641425,0.0
2,1.0,22.215257923852555,0.1251913642775892,0.0
3,1.0,12.269684730908374,1.7808421971438426,0.0
4,1.0,8.170236497720701,1.2448346219299895,0.0
5,1.0,5.46511881761421,2.137150068007701,0.0
