,mx_co,mx_di,mx_gr,mx_si
0,,5.323193900107368,12.020242956598747,
