a,cv,eopt,gyo,idcr,lcor,lgrad,lo,lopt,lrio,o,std,yo
0.182225704758,0.559908138358,9.0,13.8061732435,001377915P,0.700191432762,21.1391246635,5.4877,10.9196580481,98.043378788,0.2,288.86977927,515.923522949
