a,cv,eopt,gyo,idcr,lcor,lgrad,lo,lopt,lrio,o,std,yo
0.0889988519148,0.540344876796,15.0,88.3152461536,000137612P,1.53933629983,11.1901395105,11.2361,6.36473790517,95.0985800825,0.2,943.989652307,1747.013237
