,mx_co,mx_di,mx_gr,mx_si
0,,16.8859869564,6.10636498643,
