,mx_co,mx_di,mx_gr,mx_si
0,,4.145286887826994,0.0,
1,,12.985889110314965,3.2579202869939112,
2,,16.77117291761232,2.522601835004609,
