,mx_co,mx_di,mx_gr,mx_si
0,,0.225734046637,0.0,
1,,16.218400821,15.242870355,
2,,16.3004790608,15.1661175206,
