a,cv,eopt,gyo,idcr,lcor,lgrad,lo,lopt,lrio,o,std,yo
0.0526058297781,0.768596855392,11.0,33.6355900317,000131808P,1.28714925435,18.0821421955,19.0093,9.68464572495,102.488272186,0.2,826.366198711,1075.16208649
