,mx_co,mx_di,mx_gr,mx_si
0,-0.9999999999999999,3.7344343224540757,5.144800921268417,1.497651464131725e-16
1,-1.0,5.842006072804051,4.594160121309621,0.0
2,1.0,19.62939240714249,6.2658402249318135,0.0
3,1.0,2.1173427410530428,21.749918696582647,0.0
4,1.0,16.100182860476995,8.832667238042134,0.0
5,1.0,14.057724618506782,6.84004899917674,0.0
