a,cv,eopt,gyo,idcr,lcor,lgrad,lo,lopt,lrio,o,std,yo
0.0904772675865,0.200314514844,3.0,15.7769012807,001377415P,11.0178200734,41.2499459926,11.0525,26.133883033,90.394890453,0.2,230.453083123,1150.45623779
