,mx_co,mx_di,mx_gr,mx_si
0,1.0,12.2328959777,34.0720368568,2.99530292826e-16
1,1.0,29.9102593512,6.41257013147,0.0
2,1.0,45.9084014182,1.81497301574,0.0
3,-1.0,19.4415708829,31.304122595,1.49765146413e-16
4,-1.0,35.0142238787,14.2834007722,0.0
5,1.0,16.0133234283,6.77430431327,0.0
