a,cv,eopt,gyo,idcr,lcor,lgrad,lo,lopt,lrio,o,std,yo
0.0006537691524124834,0.12107427549406037,0.0,827.7357357573837,004991107A,1043.4504177977396,33.70483502233919,1529.5919,538.5776264100394,95.01983120906021,0.1,11942.377536329452,98636.787109375
0.0006537691524124834,0.12107427549406037,0.0,827.7357357573837,004991107A,2347.7634400449138,50.55725253350877,1529.5919,1199.1603462892112,95.01983120906021,0.15,11942.377536329452,98636.787109375
0.0006537691524124834,0.12107427549406037,0.0,827.7357357573837,004991107A,4173.801671190959,67.40967004467838,1529.5919,2120.6056706178183,95.01983120906021,0.2,11942.377536329452,98636.787109375
