a,cv,eopt,gyo,idcr,lcor,lgrad,lo,lopt,lrio,o,std,yo
0.00437736186031,0.129061424932,0.0,839.764136586,004991107A,548.598518266,66.5745367374,228.4481,307.586527502,95.0198312091,0.2,12755.1903204,98830.3850446
