,mx_co,mx_di,mx_gr,mx_si
0,0.722631115178099,15.785995163004777,449.3223218909112,0.3222705036390977
1,0.15444046540277842,17.887705346656517,691.8941360923824,0.6583946029839794
2,0.9532164333493048,25.167492114692774,81.13641163347702,0.06163313056500874
3,0.40445263022308775,33.945211474063704,482.8663392633086,0.5641491480701943
4,-0.1427949094796256,38.50680549189032,978.0012297548618,0.660729303880371
5,0.023461085890633452,56.694880212740614,257.93513466518885,0.6741110073345173
6,0.43961653103617815,69.4456867591003,29.778667279562978,0.5441299991814403
7,0.8073989155261704,3.562067160940117,1483.239422163388,0.2347919893085983
8,0.7980005160137172,9.445553430437535,967.1217327047453,0.2449687025484601
9,0.5409938416387665,18.541666068707055,501.4651847113309,0.47707861023248954
10,0.22375379924660463,22.721631119122986,1345.268874613251,0.640713788941436
11,-0.0480026130421069,41.203789535005924,182.76478080012882,0.6729280812581313
12,-0.022520196042443166,53.833193860132454,93.34389508926002,0.6741401876771904
13,0.38683264918998467,7.685879639629217,1875.9594364654367,0.5735530708220482
14,0.6358001981470651,16.059153310145035,249.98837018162465,0.40182827367948704
15,0.3962156346138429,21.147217417427928,1195.5854138362158,0.5685974266694465
16,0.012961969115336706,38.807758120601115,57.906027913709124,0.674368936032465
17,-0.3959103897869682,51.57805991613953,199.8601431356737,0.5687605113338263
18,0.7714203896523464,9.316946434516506,1978.437906620482,0.2731050037542676
19,0.6832420837175858,13.482381750629377,2944.7099080358457,0.35962062211431317
20,0.13710705128639095,31.797646799004525,524.1143053083332,0.6618031084084208
21,0.46134982112196155,44.390268956501956,92.58785983088751,0.5309229869916031
22,0.9594876048882917,7.643906513967538,2782.438938275367,0.05354278662025309
23,0.6436905750019184,22.749966420518014,77.68795807566543,0.39501892717504566
24,0.35101623425092354,35.5333973914754,403.0855772726124,0.5913776820862676
25,-0.10532745865961816,19.890039070311825,1158.1727658285013,0.6669996367037022
26,-0.12168575794357134,31.754107619156763,1120.8535145080907,0.6644949130225795
27,0.7933040308294079,12.929598669588492,971.0743452565032,0.25000947148456953
