,mx_co,mx_di,mx_gr,mx_si
0,,12.232895938884287,5.5503721754321775,
