,mx_co,mx_di,mx_gr,mx_si
0,,3.807372832377605,9.683793427893562,
