a,cv,eopt,gyo,idcr,lcor,lgrad,lo,lopt,lrio,o,std,yo
0.0130385576226,0.643785855569,18.0,556.745268837,004984105A,7.40197440912,22.2668229971,76.6956,14.8343987031,264.459691449,0.2,14108.5127027,21914.9156208
