a,cv,eopt,gyo,idcr,lcor,lgrad,lo,lopt,lrio,o,std,yo
0.0136446124248,0.264605203188,2.0,29.0119060134,001377211P,41.8699100133,24.6395247475,73.289,33.2547173804,71.6276284391,0.2,334.373598756,1263.66977946
