,mx_co,mx_di,mx_gr,mx_si
0,,14.700333757085977,2.5463688680510668,
