a,cv,eopt,gyo,idcr,lcor,lgrad,lo,lopt,lrio,o,std,yo
0.0286654512515,0.317735478135,3.0,70.0837614921,000013403P,13.8219649505,29.6980147917,34.8852,21.7599898711,57.9210355136,0.2,1169.05661485,3679.33924696
