a,cv,eopt,flagLo,gyo,idcr,lcor,lgrad,lo,lopt,lrio,o,std,yo
0.0425108615251,0.28606934607,4.0,Distancia,57.4828945562,000013403P,11.4978711759,38.0740446763,23.5234,24.7859579261,97.8405015179,0.2,1106.78681849,3868.94588216
