,mx_co,mx_di,mx_gr,mx_si
0,1.0,13.350045044648454,4.548878840757271,0.0
1,1.0,33.089963779278094,3.7692883947242324,0.0
2,1.0,45.70946135842743,2.838566302544957,0.0
3,1.0,20.24899181809444,3.160546441187852,0.0
4,1.0,33.97829094619089,2.031344054415802,0.0
5,0.9999999999999999,14.972726652300041,0.3355247431611325,1.497651464131725e-16
