a,cv,eopt,gyo,idcr,lcor,lgrad,lo,lopt,lrio,o,std,yo
0.00784099712392,0.200020521583,1.0,68.767927046,000013615P,127.508631868,29.2065454486,127.5348,78.3575886582,59.1824388885,0.2,710.175508637,3550.51323242
