a,cv,eopt,gyo,idcr,lcor,lgrad,lo,lopt,lrio,o,std,yo
0.269258730714,0.0928649632437,1.0,3.51683096516,001315808P,17.2260782144,64.434011559,3.7139,40.8300448867,55.4116360872,0.2,37.2000537458,400.582226563
