,mx_co,mx_di,mx_gr,mx_si
0,,7.38343205608,36.6359260565,
