,mx_co,mx_di,mx_gr,mx_si
0,,7.383432056080611,36.63592605653236,
