a,cv,eopt,gyo,idcr,lcor,lgrad,lo,lopt,lrio,o,std,yo
0.00406621753939,0.483153152924,2.0,1267.03264307,004995912A,42.1405059985,13.8976219766,245.9288,28.0190639875,55.1382327679,0.2,15039.66377,31128.1499024
