,mx_co,mx_di,mx_gr,mx_si
0,,19.41154350791202,0.259317339538206,
