,mx_co,mx_di,mx_gr,mx_si
0,,14.7003338309,6.52887581718,
1,,29.1618394769,1.96268392734,
2,,14.4691685206,10.5888688398,
