,mx_co,mx_di,mx_gr,mx_si
0,1.0,28.5117299896745,0.3317145291510291,0.0
1,1.0,5.6348672775440845,1.514107877255803,0.0
2,1.0,12.065368073976394,0.7423784227067934,0.0
3,1.0,22.884133553924073,0.04046288903199108,0.0
4,1.0,16.478486955647146,0.030384231878708385,0.0
5,1.0000000000000002,6.484123518257252,0.06558665742834895,-2.99530292826345e-16
