,mx_co,mx_di,mx_gr,mx_si
0,,25.66531393526085,0.024860218448274213,
1,,9.845338289688035,0.22200872097945654,
2,,16.567599729235496,0.17044087969453464,
