,mx_co,mx_di,mx_gr,mx_si
0,0.9149913551906147,16.704101017166558,892.3617070048381,0.10979951973719683
1,0.11046661298205157,57.13774458514623,282.82145020755627,0.6662516365302253
2,0.31247151948728213,40.625105615235206,409.80127836508547,0.6086268550659308
3,0.5181162991796222,31.953548828264108,696.8138537171676,0.4934212055383712
4,0.4786787417332677,33.83795570451076,496.709376582388,0.5199358866219285
5,0.1579838741849184,70.0079811732687,238.60808346260816,0.6576479193239115
6,-0.3326923137213094,43.946555268371554,506.726610628478,0.599827744936212
7,0.7198130409134039,40.5441105029326,30.92137605064292,0.32501221651960865
8,0.7768310249273601,24.16553421401786,72.09110718394288,0.26745484988494195
9,0.6841194020267495,16.651010869366733,441.98970615303534,0.3588115055989391
10,0.8669743020911765,17.23892750159917,110.30441336757198,0.16751141846308504
11,0.8304024068376404,53.31999426188798,33.727875294717315,0.20938077010115708
12,0.16350921511737362,27.611706205548817,266.6546155267791,0.6564497967453506
13,0.985936035842804,16.597922904378045,29.427804460470416,0.018838379313156583
14,-0.07289077821080069,30.078103170723306,203.0013554759533,0.6708986891338501
15,0.9177130335841052,23.31162503350313,27.79085956980344,0.10643518069573167
16,0.9742559521034881,15.447661156428268,35.26038176033769,0.034280789924426396
17,-0.008699785181786017,18.624916260989504,328.0073386195421,0.674431208538449
18,0.08827933944729437,17.410998100046193,322.63832618001925,0.669225854274367
19,0.9656123747458097,7.05331643551721,22.600668696400312,0.04559010504326774
20,0.9775067259301977,30.747512745669795,1.8294162674319647,0.030001376019921498
21,0.0158055420593293,12.978366875942184,433.0798195817653,0.6743137616864993
22,0.34525636705954643,12.255814433966586,445.3433629857846,0.5940826511685053
23,0.06279727407561028,39.86942954139376,139.48544907944,0.6718224383943147
24,0.7324156329727496,12.862580779724109,0.24983329796968856,0.3126679464125628
25,0.9437635153702325,36.624842973821025,2.81665830058949,0.07372794361771894
26,-0.09914300982559034,13.853087148891962,394.22686498913845,0.6678525445757082
27,-0.02162343153880224,27.00945451393615,206.01744408528913,0.674166888027449
