a,cv,eopt,gyo,idcr,lcor,lgrad,lo,lopt,lrio,o,std,yo
0.00235271420875,0.137882773724,0.0,310.038066361,004984505A,894.274389248,38.0178592692,425.041,466.146124258,42.4218914534,0.2,2873.01372367,20836.6400391
