,mx_co,mx_di,mx_gr,mx_si
0,,20.891476052481895,8.264400138333626,
1,,28.2040015625567,2.2795214301049858,
2,,8.829967232996776,26.83443067254404,
