a,cv,eopt,gyo,idcr,lcor,lgrad,lo,lopt,lrio,o,std,yo
0.000411318464061,0.399421626147,0.0,2049.65451333,004995305A,609.563052225,11.7138079987,2431.2062,310.638430112,32.4336119765,0.2,16952.5623647,42442.7753906
