a,cv,eopt,gyo,idcr,lcor,lgrad,lo,lopt,lrio,o,std,yo
0.0005126645576330318,0.6399907523982423,1.0,1695.3212962099067,004995305A,47.62328054047211,3.711540683533634,1950.5932,25.66741061200287,32.433611976451616,0.1,14237.539700199084,22246.47722931408
0.0005126645576330318,0.6399907523982423,1.0,1695.3212962099067,004995305A,107.15238121606222,5.567311025300449,1950.5932,56.35984612068134,32.433611976451616,0.15,14237.539700199084,22246.47722931408
0.0005126645576330318,0.6399907523982423,0.0,1695.3212962099067,004995305A,190.49312216188844,7.423081367067268,1950.5932,98.95810176447785,32.433611976451616,0.2,14237.539700199084,22246.47722931408
