,mx_co,mx_di,mx_gr,mx_si
0,-1.0,18.7084027741,211.54139187,2.99530292826e-16
1,-1.0,23.1843035665,1573.08174399,-2.99530292826e-16
2,1.0,2.7946771902,2892.2476148,0.0
3,1.0,6.7938028311,4785.71485415,0.0
4,-1.0,16.9976695835,708.361810473,0.0
5,-1.0,20.9469342206,2126.9796647,0.0
