a,cv,eopt,gyo,idcr,lcor,lgrad,lo,lopt,lrio,o,std,yo
0.0532169655686,0.261547827777,3.0,16.5074063593,013755206P,10.9877216499,13.8708903044,18.791,12.4293059771,36.7744448909,0.2,105.86668344,404.769882202
