,mx_co,mx_di,mx_gr,mx_si
0,-1.0,5.04368815114,44.2537627757,0.0
1,-1.0,18.0389822877,8.82074759171,0.0
2,-1.0,22.893349786,12.4114665535,1.49765146413e-16
3,-1.0,13.2244020762,4.84595590897,-2.99530292826e-16
4,-1.0,18.1369951374,3.35986560891,1.49765146413e-16
5,1.0,4.93134983139,25.3526397172,2.99530292826e-16
