,mx_co,mx_di,mx_gr,mx_si
0,1.0,10.748095320987957,36.94808895635537,0.0
1,-0.9999999999999999,23.93311597030593,20.417756010843878,1.497651464131725e-16
2,-0.9999999999999999,34.1134226528078,10.034972860738039,1.497651464131725e-16
3,1.0,13.668627712226309,6.697010289321713,0.0
4,1.0,26.73349643181387,2.049650021021201,0.0
5,1.0,16.686967247927594,8.769313787159172,0.0
