,mx_co,mx_di,mx_gr,mx_si
0,,15.923267582963584,0.7763254623930729,
