,mx_co,mx_di,mx_gr,mx_si
0,0.9999999999999999,12.620690166869938,1.7907180477004816,1.497651464131725e-16
1,1.0000000000000002,16.51826776531049,6.649377432304234,-2.99530292826345e-16
2,1.0,19.208907976951735,8.617295647932815,0.0
3,1.0,27.99432583823997,4.730826358202826,0.0
4,0.9999999999999998,30.012394515506763,6.268374776640228,2.99530292826345e-16
5,1.0,3.51499386582296,15.84430708497832,0.0
