a,cv,eopt,gyo,idcr,lcor,lgrad,lo,lopt,lrio,o,std,yo
0.00501785604072,0.397102336977,2.0,309.586723515,004989715A,50.5518330367,20.5157101021,199.2883,35.5337715694,60.5393064198,0.2,4458.57765638,11227.7799479
