,mx_co,mx_di,mx_gr,mx_si
0,,10.1598774765,8.5296337855,
