a,cv,eopt,gyo,idcr,lcor,lgrad,lo,lopt,lrio,o,std,yo
0.000106942282309,0.52362102,0.0,1424.80742263,004991305A,1364.19482673,37.3340774813,9350.8384,700.764452105,273.887864136,0.2,49238.3710305,94034.3667457
