,mx_co,mx_di,mx_gr,mx_si
0,,13.0385785303,9.93180008299,
