,mx_co,mx_di,mx_gr,mx_si
0,,2.31735413001,271.507363848,
