,mx_co,mx_di,mx_gr,mx_si
0,,18.46874234598972,0.33884930655081014,
1,,20.87457880273846,0.2997962543791887,
2,,21.148422233260483,0.2959142988436247,
3,,21.119983154266997,0.2963127617618309,
4,1.0,2.7819314273234466,0.0,0.0
5,1.0,3.2353255940956585,0.0,0.0
6,1.0,3.494516190266266,0.0,0.0
7,0.9999999999999999,0.5123377684712773,0.0,1.497651464131725e-16
8,1.0,0.959417757461621,0.0,0.0
9,1.0000000000000002,0.49888312004763935,0.0,-2.99530292826345e-16
