a,cv,eopt,gyo,idcr,lcor,lgrad,lo,lopt,lrio,o,std,yo
0.0588529558897,0.189626243705,1.0,77.9483903106,000013801P,18.9014371583,33.9991875311,16.9915,26.4503123447,23.7683879374,0.2,888.380757638,4684.90405273
