,mx_co,mx_di,mx_gr,mx_si
0,-1.0,10.603812118283736,8.821168142135985,0.0
1,0.9999999999999998,11.23978643376492,2.094105635254127,2.99530292826345e-16
2,1.0,14.471377611770865,4.06212850404686,0.0
3,1.0,6.430815204045391,18.205360601771325,0.0
4,-1.0000000000000002,25.039516089446202,6.0832886940974795,-2.99530292826345e-16
5,0.9999999999999998,24.165218928909134,1.4585961535582552,2.99530292826345e-16
