a,cv,eopt,gyo,idcr,lcor,lgrad,lo,lopt,lrio,o,std,yo
0.0301129536893,0.529234178673,20.0,436.874402811,004984305A,4.74253852603,24.3769279339,33.2083,14.5597332299,287.419839425,0.2,9963.42067446,18826.1096429
