a,cv,eopt,gyo,idcr,lcor,lgrad,lo,lopt,lrio,o,std,yo
0.008226633891757242,1.4108533673477568,75.0,313.8634529993968,004984305A,0.610680526675861,7.103659062495421,121.5564,3.8571697945856407,287.41983942473206,0.1,11121.40722731247,7882.752017113901
0.008226633891757242,1.4108533673477568,48.0,313.8634529993968,004984305A,1.374031185020687,10.655488593743128,121.5564,6.014759889381907,287.41983942473206,0.15,11121.40722731247,7882.752017113901
0.008226633891757242,1.4108533673477568,35.0,313.8634529993968,004984305A,2.442722106703444,14.207318124990842,121.5564,8.325020115847142,287.41983942473206,0.2,11121.40722731247,7882.752017113901
