a,cv,eopt,gyo,idcr,lcor,lgrad,lo,lopt,lrio,o,std,yo
0.139423345045,0.477613391629,8.0,20.5560057417,001375808P,1.25768390336,21.8352709032,7.1724,11.5464774033,95.9746779219,0.2,378.964754935,793.455044555
