,mx_co,mx_di,mx_gr,mx_si
0,1.0,14.673194793279954,0.1452857029403168,0.0
1,1.0,20.697367715932703,0.1267082902601701,0.0
2,-0.9999999999999998,34.748266918641555,0.718308081261734,2.99530292826345e-16
3,1.0,7.411788944103147,0.6414555962061385,0.0
4,0.9999999999999999,20.37388364847011,1.329730100792846,1.497651464131725e-16
5,1.0,14.276455969440223,1.5646343118448305,0.0
