,mx_co,mx_di,mx_gr,mx_si
0,0.832311493218,25.339979502,5.60379300973,0.207239785042
1,0.0378527734898,37.0621757556,4.75552221117,0.673515837507
2,-0.885717101847,55.5802891927,8.0879397324,0.145354444268
3,-0.714869904944,10.8803109088,20.24206772,0.329795531967
4,0.548977606221,12.4490336527,2.75121756078,0.471209214744
5,-0.677281431319,31.335213511,18.8774852003,0.36509040866
6,-0.861765834217,14.7500458057,24.5585671395,0.173584515703
7,-0.779038246037,18.8913203576,33.1252669191,0.265138578327
8,-0.988355315758,26.9174800398,14.7298331658,0.0156168069346
9,-0.623568773138,45.7291116283,5.01409344956,0.412217915502
