a,cv,eopt,gyo,idcr,lcor,lgrad,lo,lopt,lrio,o,std,yo
0.000147268119682,0.382238214176,0.0,903.255409594,000498305A,1859.01563681,45.2945440802,6790.3359,952.155090444,279.817914651,0.2,27644.9353096,72323.8396484
