a,cv,eopt,gyo,idcr,lcor,lgrad,lo,lopt,lrio,o,std,yo
0.000898991071311,0.73387663003,9.0,118.470477571,000499205A,82.614921955,34.0415482585,1112.3581,58.3282351067,504.800181044,0.2,5231.99731218,7129.26001195
