a,cv,eopt,gyo,idcr,lcor,lgrad,lo,lopt,lrio,o,std,yo
0.0426661205403,0.738955001985,10.0,27.836050449,004987205A,1.71688358699,18.1183896685,23.4378,9.91763662773,103.889468032,0.2,658.82521843,891.563378907
