a,cv,eopt,gyo,idcr,lcor,lgrad,lo,lopt,lrio,o,std,yo
0.0743218134522,0.222623305448,2.0,13.116077398,013759415P,10.8593152224,24.3821433383,13.455,17.6207292804,40.6063475189,0.2,125.85529398,565.328475952
