,mx_co,mx_di,mx_gr,mx_si
0,1.0,0.512136828194,0.0,1.49765146413e-16
1,1.0,2.7531662547,7.30898968946,0.0
2,-1.0,13.0978176519,21.6313040468,0.0
3,1.0,2.28622748261,8.801776692,0.0
4,-1.0,13.3622384567,21.2032495075,0.0
5,-1.0,15.3634509878,19.7511444523,-2.99530292826e-16
