,mx_co,mx_di,mx_gr,mx_si
0,,4.37341213192,368.590919715,
1,,2.95581714001,0.0,
2,,6.46761183884,249.241921155,
