a,cv,eopt,gyo,idcr,lcor,lgrad,lo,lopt,lrio,o,std,yo
0.09766769543305856,1.5223143103659362,121.0,25.61700818944669,000499412A,0.04418149424538338,14.633655851385214,10.2388,7.338918672815299,886.9209830468874,0.1,2017.6256052859767,1325.3672986894387
0.09766769543305856,1.5223143103659362,80.0,25.61700818944669,000499412A,0.09940836205211258,21.950483777077817,10.2388,11.024946069564965,886.9209830468874,0.15,2017.6256052859767,1325.3672986894387
0.09766769543305856,1.5223143103659362,60.0,25.61700818944669,000499412A,0.17672597698153353,29.267311702770428,10.2388,14.72201883987598,886.9209830468874,0.2,2017.6256052859767,1325.3672986894387
