a,cv,eopt,gyo,idcr,lcor,lgrad,lo,lopt,lrio,o,std,yo
0.000519316577307,0.905990724842,13.0,36.7918397487,000499412A,93.8383368834,40.3030912751,1925.6077,67.0707140793,886.920983047,0.2,2374.86335087,2621.28881208
