,mx_co,mx_di,mx_gr,mx_si
0,,5.926301322282522,5.262783830476085,
