,mx_co,mx_di,mx_gr,mx_si
0,,9.037976132,9.66348517778,
