,mx_co,mx_di,mx_gr,mx_si
0,,11.321509198926906,0.2250113602934018,
