a,cv,eopt,gyo,idcr,lcor,lgrad,lo,lopt,lrio,o,std,yo
0.021051036131998418,0.343254672801313,10.0,41.3373451042454,000131615P,4.031750116190954,6.577382231899719,47.5036,5.304566174045337,51.76407644084219,0.1,329.964430212092,961.2816848762499
0.021051036131998418,0.343254672801313,5.0,41.3373451042454,000131615P,9.071437761429644,9.866073347849575,47.5036,9.46875555463961,51.76407644084219,0.15,329.964430212092,961.2816848762499
0.021051036131998418,0.343254672801313,4.0,41.3373451042454,000131615P,16.127000464763817,13.154764463799438,47.5036,14.640882464281628,51.76407644084219,0.2,329.964430212092,961.2816848762499
