a,cv,eopt,gyo,idcr,lcor,lgrad,lo,lopt,lrio,o,std,yo
0.021051036132,0.343254672801,4.0,41.3373451042,000131615P,16.1270004648,13.1547644638,47.5036,14.6408824643,51.7640764408,0.2,329.964430212,961.281684876
