,mx_co,mx_di,mx_gr,mx_si
0,-0.9999999999999999,12.90111892437303,53.762055197759295,1.497651464131725e-16
1,-1.0,12.83678804154065,54.03148088762524,0.0
2,-1.0,16.46649081043102,51.839889449563664,0.0
3,1.0,0.6246462321775753,0.0,0.0
4,1.0,3.5673649974231862,44.85955197340187,0.0
5,1.0,3.676231954006556,43.53109311712236,0.0
