,mx_co,mx_di,mx_gr,mx_si
0,-1.0,12.9011189244,53.7620551978,1.49765146413e-16
1,-1.0,12.8367880415,54.0314808876,0.0
2,-1.0,16.4664908104,51.8398894496,0.0
3,1.0,0.624646232178,0.0,0.0
4,1.0,3.56736499742,44.8595519734,0.0
5,1.0,3.67623195401,43.5310931171,0.0
