a,cv,eopt,gyo,idcr,lcor,lgrad,lo,lopt,lrio,o,std,yo
0.0127077236273,0.431733243859,5.0,796.211609899,004664313A,16.8873400364,16.8524704301,78.6923,16.8699052333,76.7658310423,0.2,10240.7692749,23720.1314019
