a,cv,eopt,gyo,idcr,lcor,lgrad,lo,lopt,lrio,o,std,yo
0.00836890816713379,1.2988219003863697,15.0,160.10354131300136,004989706A,0.7083240563765485,5.220498810052766,119.4899,2.964411433214657,44.29201472005208,0.1,3838.111160287861,2955.07117576791
0.00836890816713379,1.2988219003863697,9.0,160.10354131300136,004989706A,1.5937291268472338,7.830748215079148,119.4899,4.712238670963191,44.29201472005208,0.15,3838.111160287861,2955.07117576791
0.00836890816713379,1.2988219003863697,7.0,160.10354131300136,004989706A,2.833296225506194,10.440997620105533,119.4899,6.637146922805863,44.29201472005208,0.2,3838.111160287861,2955.07117576791
