a,cv,eopt,gyo,idcr,lcor,lgrad,lo,lopt,lrio,o,std,yo
0.00504414382468,0.312545331456,1.0,246.980968644,004989706A,81.1795235013,17.8512870675,198.2497,49.5154052844,44.2920147201,0.2,2435.9650363,7793.95751953
