,mx_co,mx_di,mx_gr,mx_si
0,1.0,9.08091313818,216.858095799,0.0
1,-1.0,28.1084441461,167.76988665,0.0
2,-1.0,19.5993216805,68.2579775162,-2.99530292826e-16
3,1.0,19.6512045093,340.183728503,0.0
4,1.0,11.328213483,291.933021463,0.0
5,1.0,8.51117221475,396.883101934,2.99530292826e-16
