a,cv,eopt,gyo,idcr,lcor,lgrad,lo,lopt,lrio,o,std,yo
0.00212321031948158,0.9434509950997227,13.0,1469.2039058194691,004995512A,5.291371939426446,4.977595313324261,470.9849,5.134483626375353,65.03893204593089,0.1,24393.60642461851,25855.72176119238
0.00212321031948158,0.9434509950997227,7.0,1469.2039058194691,004995512A,11.9055868637095,7.46639296998639,470.9849,9.685989916847944,65.03893204593089,0.15,24393.60642461851,25855.72176119238
0.00212321031948158,0.9434509950997227,4.0,1469.2039058194691,004995512A,21.165487757705783,9.955190626648522,470.9849,15.560339192177153,65.03893204593089,0.2,24393.60642461851,25855.72176119238
