a,cv,eopt,gyo,idcr,lcor,lgrad,lo,lopt,lrio,o,std,yo
0.0038408637949,0.173903594087,0.0,711.275916432,004995512A,344.361007253,39.0327883218,260.3581,191.696897788,65.0389320459,0.2,8534.95525831,49078.659375
