a,cv,eopt,gyo,idcr,lcor,lgrad,lo,lopt,lrio,o,std,yo
0.0016173674207534442,1.574277808398871,50.0,69.84342622429432,004987605A,2.494758794438346,11.968934381025925,618.2887,7.231846587732135,363.5340288087575,0.1,4652.832323167381,2955.5344668801326
0.0016173674207534442,1.574277808398871,31.0,69.84342622429432,004987605A,5.613207287486277,17.95340157153888,618.2887,11.783304429512578,363.5340288087575,0.15,4652.832323167381,2955.5344668801326
0.0016173674207534442,1.574277808398871,21.0,69.84342622429432,004987605A,9.979035177753383,23.93786876205185,618.2887,16.958451969902615,363.5340288087575,0.2,4652.832323167381,2955.5344668801326
