a,cv,eopt,flagLo,gyo,idcr,lcor,lgrad,lo,lopt,lrio,o,std,yo
0.00409784002852,0.432263780532,7.0,Distancia,42.8923406921,004987605A,52.2404965205,50.941832452,244.031,51.5911644863,339.748568132,0.2,1669.66048209,3862.59630643
