a,cv,eopt,gyo,idcr,lcor,lgrad,lo,lopt,lrio,o,std,yo
0.00660594918572,1.04175064609,16.0,69.4038728812,004987605A,5.57952471522,41.1922232179,151.3787,23.3858739666,363.534028809,0.2,5264.87091112,5053.86863055
