,mx_co,mx_di,mx_gr,mx_si
0,,9.38282670654,4.82443261517,
