,mx_co,mx_di,mx_gr,mx_si
0,,17.01092323492637,58.5516258088254,
1,,12.924083394882771,30.040220084314466,
2,,4.093759175710544,148.46376551650962,
