,mx_co,mx_di,mx_gr,mx_si
0,,13.359683654698054,1415.7722607914168,
1,,2.4615096847892337,4837.031706263419,
2,,12.824384640579497,2403.2864566730045,
