,mx_co,mx_di,mx_gr,mx_si
0,,13.6685946905,1383.77572527,
1,,2.45322354512,4853.36952447,
2,,12.8243846406,2403.28645667,
