a,cv,eopt,gyo,idcr,lcor,lgrad,lo,lopt,lrio,o,std,yo
0.056369785794813984,1.565369762699885,94.0,46.248154812267394,000499612A,0.07239686066815457,14.24569887666669,17.74,7.159047868667423,671.5631855001313,0.1,3646.2808557983863,2329.3415668828507
0.056369785794813984,1.565369762699885,62.0,46.248154812267394,000499612A,0.16289293650334774,21.36854831500003,17.74,10.765720625751689,671.5631855001313,0.15,3646.2808557983863,2329.3415668828507
0.056369785794813984,1.565369762699885,47.0,46.248154812267394,000499612A,0.28958744267261827,28.49139775333338,17.74,14.390492598003,671.5631855001313,0.2,3646.2808557983863,2329.3415668828507
