a,cv,eopt,gyo,idcr,lcor,lgrad,lo,lopt,lrio,o,std,yo
0.0026848592731,0.688484875015,15.0,59.1315395369,000499612A,31.4303817866,55.9685129134,372.459,43.69944735,671.5631855,0.2,4027.93421462,5850.43239262
