,mx_co,mx_di,mx_gr,mx_si
0,,16.885986951548354,2.504005501061471,
