,mx_co,mx_di,mx_gr,mx_si
0,1.0,0.2315228293240473,0.0,0.0
1,-1.0,12.432551693615823,1.378541941161874,0.0
2,1.0,17.29037163965189,0.7274605906097797,0.0
3,-0.9999999999999998,12.543997642898757,1.3662944169169937,2.99530292826345e-16
4,1.0,17.411063419573296,0.7224179053132189,0.0
5,1.0,4.909794852652912,0.9289043875233298,0.0
