a,cv,eopt,gyo,idcr,lcor,lgrad,lo,lopt,lrio,o,std,yo
0.00747074270389,0.264079833164,2.0,501.564152659,004987905A,76.7760453067,26.115130898,133.8555,51.4455881024,85.1022541091,0.2,6114.75335821,23154.9425223
