a,cv,eopt,gyo,idcr,lcor,lgrad,lo,lopt,lrio,o,std,yo
0.004125055172612934,1.4391048112913718,23.0,341.77227821921184,004987905A,1.1705376523882305,6.160347326472295,242.421,3.665442489430263,85.10225410907194,0.1,10712.46618013187,7443.8401540184595
0.004125055172612934,1.4391048112913718,14.0,341.77227821921184,004987905A,2.633709717873518,9.240520989708441,242.421,5.93711535379098,85.10225410907194,0.15,10712.46618013187,7443.8401540184595
0.004125055172612934,1.4391048112913718,10.0,341.77227821921184,004987905A,4.682150609552922,12.32069465294459,242.421,8.501422631248756,85.10225410907194,0.2,10712.46618013187,7443.8401540184595
