,mx_co,mx_di,mx_gr,mx_si
0,-1.0,1.400948313132025,0.0,0.0
1,-1.0,4.083614461360649,12.24217174352331,0.0
2,-1.0,9.764534649441797,14.133065483573926,0.0
3,0.9999999999999999,2.698987254766828,18.522617875285764,1.497651464131725e-16
4,1.0,8.573468913004067,16.096495947849952,0.0
5,0.9999999999999999,6.189168323649485,14.220084742335624,1.497651464131725e-16
