,mx_co,mx_di,mx_gr,mx_si
0,-1.0,21.4028038282,4.44027488351,1.49765146413e-16
1,-1.0,7.49187088173,27.7613237351,2.99530292826e-16
2,-1.0,34.9448932194,8.47868678089,0.0
3,-1.0,13.9515405557,8.09587444508,0.0
4,-1.0,13.6986735632,14.6913838771,0.0
5,-1.0,27.5738978819,3.20239639852,0.0
