,mx_co,mx_di,mx_gr,mx_si
0,1.0000000000000002,20.5722830271585,8.380368872278382,-2.99530292826345e-16
1,-1.0000000000000002,22.979645122193855,20.997969130525178,-2.99530292826345e-16
2,-1.0,28.23333429354697,17.877690991929363,0.0
3,-1.0,2.501052884719139,123.99680170240617,0.0
4,-1.0,16.849160340404843,19.724633106042933,0.0
5,1.0,15.991270574364101,1.3895673368974075,0.0
