,mx_co,mx_di,mx_gr,mx_si
0,,11.2331341747,5.41436475796,
