a,cv,eopt,gyo,idcr,lcor,lgrad,lo,lopt,lrio,o,std,yo
0.0106950499031,0.143208527066,1.0,504.855799127,000498505A,182.364130425,76.735688355,93.5012,129.54990939,92.96889699,0.2,9807.50710241,68484.1000977
