,mx_co,mx_di,mx_gr,mx_si
0,-0.541141242583,10.7491655677,2002.86258751,0.476971025097
1,0.99994208528,0.462053194006,0.0,7.81226397046e-05
2,0.35562092833,24.6207805995,339.680347612,0.589183019369
3,0.280092393982,65.1028159704,133.170842855,0.621567944691
4,0.299054345504,14.7689721477,352.184450731,0.614160947541
5,-0.318979404385,40.4554324053,207.984467406,0.605855130978
6,0.087256084711,52.4642129142,164.294879952,0.66934700306
7,-0.536219069313,10.292569262,2091.71306157,0.480547773569
8,-0.207615884659,35.2925379444,846.986321076,0.645409134528
9,-0.392564843305,75.8511552348,398.133665124,0.570539714957
10,0.0467772889152,25.4156244638,642.427623294,0.673006412997
11,-0.59205772998,51.169282733,256.306113737,0.438054403
12,-0.426004672102,63.2120212817,476.945721932,0.552077230523
13,0.347091938298,25.0633133349,333.682749792,0.593225482264
14,0.279890373163,65.5587206533,132.244753842,0.621644247639
15,0.289891343545,15.2308087726,341.505327875,0.617800798128
16,-0.320038846975,40.9042018762,205.702621652,0.605398504365
17,0.0868009073002,52.9198208356,162.880399563,0.669400440139
18,0.800090949772,40.8173448242,7.51155088162,0.242715456737
19,0.0182003887396,11.629424065,1166.40321828,0.674258832532
20,-0.683118902614,15.92166363,1053.74019103,0.359734144125
21,0.696180306109,28.2113707622,9.08875545826,0.34758295269
22,-0.48250993333,50.6945462933,273.623106092,0.517452107074
23,-0.740124264933,24.9687522483,684.211139893,0.305011717465
24,0.970132319292,12.6408293939,3.97088758464,0.0396887504052
25,0.292664124916,26.5327952462,121.084084394,0.616711307645
26,-0.468367930097,38.0989407802,362.766093313,0.526522084355
27,-0.717573814795,12.4802070615,1364.85741311,0.327183128175
