a,cv,eopt,gyo,idcr,lcor,lgrad,lo,lopt,lrio,o,std,yo
0.023464539215111165,1.5447201206289174,63.0,20.319212765896083,004979405A,0.17860284103209584,13.384131930679859,42.6175,6.781367385855977,430.15506310835383,0.1,1485.2579880888902,961.5062096065546
0.023464539215111165,1.5447201206289174,42.0,20.319212765896083,004979405A,0.40185639232221554,20.07619789601978,42.6175,10.239027144170999,430.15506310835383,0.15,1485.2579880888902,961.5062096065546
0.023464539215111165,1.5447201206289174,31.0,20.319212765896083,004979405A,0.7144113641283834,26.768263861359717,42.6175,13.74133761274405,430.15506310835383,0.2,1485.2579880888902,961.5062096065546
