a,cv,eopt,gyo,idcr,lcor,lgrad,lo,lopt,lrio,o,std,yo
0.0205733377772,1.10104615308,36.0,40.5977466859,004979405A,1.60377776137,22.6109504458,48.6066,12.1073641036,430.155063108,0.2,1786.69853921,1622.72810654
