a,cv,eopt,gyo,idcr,lcor,lgrad,lo,lopt,lrio,o,std,yo
0.00601434662243,0.155519737032,0.0,815.483213948,000499305A,274.979622144,38.9139924643,166.2691,156.946807304,73.0829302503,0.2,8724.31505198,56097.7996652
