a,cv,eopt,gyo,idcr,lcor,lgrad,lo,lopt,lrio,o,std,yo
0.0032408282130948255,1.7695154563113715,12.0,317.9556639360576,000499305A,0.9854515300595628,10.81463534835155,308.5631,5.900043439205556,73.08293025025478,0.1,21512.347914610735,12157.196953483592
0.0032408282130948255,1.7695154563113715,8.0,317.9556639360576,000499305A,2.217265942634016,16.22195302252732,308.5631,9.219609482580667,73.08293025025478,0.15,21512.347914610735,12157.196953483592
0.0032408282130948255,1.7695154563113715,6.0,317.9556639360576,000499305A,3.941806120238251,21.6292706967031,308.5631,12.785538408470675,73.08293025025478,0.2,21512.347914610735,12157.196953483592
