,mx_co,mx_di,mx_gr,mx_si
0,-0.0116925712905,9.46117145464,1393.22070879,0.674390044912
1,-0.149612102705,11.1579065902,1181.35959407,0.659384794251
2,-0.223284735976,22.4236119219,990.357776207,0.640855220693
3,-0.896398060427,32.090166776,275.227539883,0.132515878031
4,-0.71453522872,36.1510332632,700.051848365,0.330118196126
5,-0.700818195121,38.733597978,653.375853969,0.343212898509
6,0.981286202005,1.94873793837,0.0,0.025008041547
7,0.0621875374649,12.9625496452,696.305795121,0.671873839214
8,-0.227246177297,22.6291015965,192.203933738,0.639651437285
9,-0.282063348649,26.6950812181,454.24464369,0.620820629489
10,-0.249803811942,29.2724300948,414.249777587,0.632393253202
11,0.0420534717028,11.3695675801,793.864707157,0.673289439429
12,-0.135860541758,21.0130123224,206.986141591,0.662032605519
13,-0.315732160718,25.1125315248,482.870380638,0.607245281478
14,-0.296515212015,27.6427051975,438.672610715,0.615180920256
15,-0.891902855239,9.66655884889,1383.66723778,0.137937892212
16,0.832443918422,13.745700878,225.539552054,0.207091091667
17,0.886186842494,16.3105033954,190.07379132,0.144793048872
18,-0.921211274249,4.14614640787,3973.68987471,0.102096236472
19,-0.878386966116,6.64552874369,2479.18572554,0.154076256804
20,0.997557860851,2.80562668274,0.0,0.00329033641186
