,mx_co,mx_di,mx_gr,mx_si
0,,18.863147518667525,1.5517659572722824,
1,,28.658838988796816,1.070420799081061,
2,,10.078896521896928,0.13948225002565812,
