a,cv,eopt,gyo,idcr,lcor,lgrad,lo,lopt,lrio,o,std,yo
0.0166971668247,0.988906674111,9.0,89.2548348088,004989415A,2.4496643905,10.9894106781,59.8904,6.71953753429,63.2040491979,0.2,1714.6933863,1733.92841933
