,mx_co,mx_di,mx_gr,mx_si
0,-0.572425690641,9.16888434833,620.949576815,0.453473866213
1,-0.563363177436,9.8865528831,575.874617096,0.460416380628
2,-0.440474197198,16.8488688215,336.218762385,0.543620883761
3,0.536704246049,23.3019290361,221.352911217,0.480196666818
4,-0.687384035293,32.982849865,168.24797961,0.355791541139
5,-0.199752638971,34.7229378517,148.590245739,0.647569662257
6,-0.160066911041,35.3619741523,145.905029112,0.657201067066
7,0.0409671663534,39.1003293827,131.955151008,0.673350268126
8,0.999977387772,0.924460720685,0.0,3.05027489125e-05
9,0.987964940261,7.68500245295,3.70969734591,0.0161371747194
10,0.918906767986,14.13850429,37.8728199161,0.104956421351
11,0.386251100137,23.945665904,6.01850059099,0.573856308685
12,0.419692456726,25.6704070143,20.7992412235,0.555677766833
13,0.567220662553,26.3023571233,20.2995110017,0.457474821635
14,0.86975208449,30.0844718668,17.7475273677,0.164257548789
15,0.988969918417,7.04529159766,4.04653701097,0.0147971293229
16,0.918681718625,13.4254941649,39.8841949711,0.105235352216
17,0.387736992081,23.1450002572,6.22670135206,0.573080611818
18,0.417248725012,24.8759547181,21.463497335,0.557057258218
19,0.564722793461,25.5108454153,20.9293333524,0.459381884183
20,0.867606080747,29.2785115543,18.2360700546,0.16677227301
21,0.945119379794,6.52632565619,77.6786235258,0.0720005479367
22,0.384021894331,16.60450942,6.96244425343,0.575014460167
23,0.363076437831,18.2836540477,27.6430495389,0.585568971412
24,0.508929985504,18.8971737904,26.7455842974,0.499784790056
25,0.816523544236,22.7381763089,22.227638124,0.224797720643
26,0.0949381369033,10.2133587152,38.3172698988,0.66840298048
27,0.479906788024,11.8418336583,0.130050725626,0.519141894604
28,0.626817186937,12.4392224434,0.123805090471,0.409478323024
29,0.912363584987,16.3023419331,0.0944673511524,0.113038295089
30,0.496405536358,1.75807953176,221.723748192,0.508277380712
31,0.342895015228,2.40987781524,161.754251995,0.595178662934
32,0.227787889631,6.14400912008,63.4452156212,0.63948517905
33,0.983641611778,0.652934417672,0.0,0.0218863958987
34,0.776164958622,4.46075012114,0.0,0.268152533184
35,0.877034945625,3.8719670584,0.0,0.155677050328
