,mx_co,mx_di,mx_gr,mx_si
0,,18.2201005731,59.0164419177,
