a,cv,eopt,gyo,idcr,lcor,lgrad,lo,lopt,lrio,o,std,yo
0.00148645217756,0.151920529743,0.0,1347.48627427,004991308A,1165.93977349,35.7638566361,672.7428,600.851815065,57.9279419998,0.2,12942.2615526,85190.9980469
