,mx_co,mx_di,mx_gr,mx_si
0,1.0,10.1751577969,894.099309722,0.0
1,-1.0,20.3253671583,1009.75305404,0.0
2,-1.0,22.3448227839,918.49471177,0.0
3,-1.0,10.4395036373,2837.41489579,0.0
4,-1.0,12.2141450296,2425.15567428,0.0
5,1.0,2.94819589264,0.0,-2.99530292826e-16
