,mx_co,mx_di,mx_gr,mx_si
0,,8.86376526252,450.136062094,
