,mx_co,mx_di,mx_gr,mx_si
0,1.0,17.036449145062623,587.6915909512373,0.0
1,1.0,8.863765262522838,450.1360620942684,0.0
2,-0.9999999999999998,30.289632434252724,332.31536312341296,2.99530292826345e-16
3,-1.0,15.441040541469045,906.8092435362232,0.0
4,1.0,16.24483602145091,3.2953425304516406,0.0
5,-1.0000000000000002,24.25022701266754,579.6073820059994,-2.99530292826345e-16
