a,cv,eopt,gyo,idcr,lcor,lgrad,lo,lopt,lrio,o,std,yo
0.170791275982,0.476557419188,10.0,11.5397717535,004987405A,1.03124970624,27.2738174161,5.8551,14.1525335612,140.081450878,0.2,265.144970676,556.375706264
