a,cv,eopt,gyo,idcr,lcor,lgrad,lo,lopt,lrio,o,std,yo
0.7283851700779372,0.7629478646705239,27.0,9.704111641816983,004987405A,0.023585722326133728,10.300481286177801,1.3729,5.162033504251967,140.08145087758032,0.1,269.6268699287837,353.4014346382908
0.7283851700779372,0.7629478646705239,18.0,9.704111641816983,004987405A,0.05306787523380088,15.450721929266699,1.3729,7.75189490225025,140.08145087758032,0.15,269.6268699287837,353.4014346382908
0.7283851700779372,0.7629478646705239,14.0,9.704111641816983,004987405A,0.09434288930453491,20.600962572355602,1.3729,10.347652730830069,140.08145087758032,0.2,269.6268699287837,353.4014346382908
