,mx_co,mx_di,mx_gr,mx_si
0,0.986231218715,12.080523546,2.31711848311,0.0184457294703
1,-0.77838751612,48.056047915,10.3135194246,0.265822141501
2,-0.97375404531,24.5904397956,19.4504444364,0.0349402443468
3,0.445293629969,38.3058933773,7.52281028696,0.540741587467
4,-0.804582996695,66.6000956796,11.0276113635,0.237853606067
5,-0.904605423753,64.8894109677,9.83653538823,0.122546025322
6,-0.728268413729,36.0844753432,12.9594507001,0.316753809511
7,-0.900985427976,13.3471232865,33.7378301563,0.126954597337
8,0.399968258115,26.7871065035,9.71273117246,0.566582223158
9,-0.713564027289,54.6805063181,12.9195579028,0.33105368416
10,-0.860602828498,52.8091140337,11.5566222626,0.174935587709
11,0.220382422713,24.0573629912,0.720444744479,0.641723725244
12,-0.263999592275,11.4047852838,18.1905235154,0.627473687357
13,0.998760272028,18.6298596017,12.8188292014,0.00167131241411
14,0.960771098228,17.933959018,7.95474125478,0.0518804311714
15,-0.741382381904,13.724700667,13.8529078902,0.303754544147
16,0.181839886386,42.3024258636,6.05508983905,0.652179999728
17,0.675411822162,41.6607240509,3.8403558277,0.366796179479
18,-0.0406474051102,28.7999013329,15.4956087528,0.673367870208
19,-0.390000015216,29.3223503795,11.9403463237,0.571893498196
20,0.897587412874,9.50867963656,10.1121278973,0.131076748045
