,mx_co,mx_di,mx_gr,mx_si
0,,19.3177353595,29.432561529,
1,,9.0377150882,8.8573326387,
2,,28.3460197061,17.2341792888,
