,mx_co,mx_di,mx_gr,mx_si
0,,26.099482973193272,2.9868304696922916,
1,,9.943126852936569,5.1226587236864,
2,,16.21527006475645,1.666298826089804,
