,mx_co,mx_di,mx_gr,mx_si
0,,11.23313414827666,0.6360875268647818,
