,mx_co,mx_di,mx_gr,mx_si
0,,12.122168010267115,24.503457956374444,
1,,11.974684067645285,24.80525018461692,
2,,0.5690198272902918,0.0,
