,mx_co,mx_di,mx_gr,mx_si
0,,12.1890594255,41.1432432167,
