a,cv,eopt,gyo,idcr,lcor,lgrad,lo,lopt,lrio,o,std,yo
0.0005271065325,0.874526253136,4.0,298.613597206,000499404A,99.2238079011,20.195916933,1897.1497,59.709862417,234.874821824,0.2,9323.32915992,10661.0054604
