a,cv,eopt,gyo,idcr,lcor,lgrad,lo,lopt,lrio,o,std,yo
0.0647102598117,0.477061333744,10.0,10.0832896143,000139215P,2.71605407207,12.1025230388,15.4535,7.40928855544,71.2470824169,0.2,102.914694259,215.726337433
