,mx_co,mx_di,mx_gr,mx_si
0,1.0,15.2335630752,6.81764700425,2.99530292826e-16
1,1.0,17.0644964922,4.22546979687,0.0
2,-1.0,10.6863441624,18.6519395121,1.49765146413e-16
3,-1.0,28.6185579593,6.14854775144,0.0
4,1.0,14.186375581,6.7292726541,-2.99530292826e-16
5,-1.0,15.1407745033,17.9268609667,-2.99530292826e-16
