a,cv,eopt,gyo,idcr,lcor,lgrad,lo,lopt,lrio,o,std,yo
0.00458835777628,0.76385665564,18.0,22.5125466326,004991211A,14.9409764977,42.7104842161,217.9429,28.8257303569,505.081704156,0.2,1298.36260463,1699.74640535
