,mx_co,mx_di,mx_gr,mx_si
0,,7.49988668838,147.775556192,
1,,21.4391679035,26.6400271322,
2,,16.2902862518,32.9742463581,
