,mx_co,mx_di,mx_gr,mx_si
0,1.0,12.397385660284646,135.129218740666,0.0
1,1.0,7.53074848553308,147.16995646303894,0.0
2,-1.0,20.893433430770777,27.335862079942036,0.0
3,-1.0,11.197910586285996,248.5775309601055,0.0
4,0.9999999999999999,10.505116532017956,213.83761393739488,1.497651464131725e-16
5,1.0,15.967790398785217,33.64021562750882,0.0
