,mx_co,mx_di,mx_gr,mx_si
0,,15.6520299915,41.920309366,
