,mx_co,mx_di,mx_gr,mx_si
0,,15.652029991515537,41.92030936604846,
