,mx_co,mx_di,mx_gr,mx_si
0,,16.013323487585815,1.77084946705493,
