,mx_co,mx_di,mx_gr,mx_si
0,,28.618557960474718,3.9431166878644026,
1,,14.186375601133642,3.1691029034119667,
2,,15.140774469781103,4.483801638127081,
