,mx_co,mx_di,mx_gr,mx_si
0,,22.899952887757767,3.206387415640055,
