a,cv,eopt,gyo,idcr,lcor,lgrad,lo,lopt,lrio,o,std,yo
0.05189252021213662,1.150494632497322,21.0,26.986036429536792,000499615A,0.145588155255001,4.348402425162984,19.2706,2.2469952902089925,46.98172381785169,0.1,477.31868440337826,414.8812788176909
0.05189252021213662,1.150494632497322,14.0,26.986036429536792,000499615A,0.3275733493237522,6.522603637744474,19.2706,3.4250884935341133,46.98172381785169,0.15,477.31868440337826,414.8812788176909
0.05189252021213662,1.150494632497322,10.0,26.986036429536792,000499615A,0.582352621020004,8.696804850325968,19.2706,4.639578735672986,46.98172381785169,0.2,477.31868440337826,414.8812788176909
