a,cv,eopt,gyo,idcr,lcor,lgrad,lo,lopt,lrio,o,std,yo
0.0893615119968,0.422654195698,9.0,67.3625410429,000499615A,2.50575793161,8.405360259,11.1905,5.45555909531,46.9817238179,0.2,423.043463351,1000.92100743
