,mx_co,mx_di,mx_gr,mx_si
0,-0.641048466434,2.55189802375,317.939428406,0.39730840326
1,-0.612463280466,3.22098632135,251.894580751,0.421476361401
2,-0.843046973835,24.6301788257,32.2530767426,0.195108696655
3,-0.625147388339,3.68463669215,220.197828663,0.410888347536
4,-0.559764403005,6.58424389168,134.896121628,0.463142558877
5,-0.908575146407,19.8203481627,10.4011794892,0.117691220751
6,0.998990837145,1.14342182293,0.0,0.00136063798257
7,0.06979842558,26.1522227117,0.64812659929,0.671196301283
8,0.995356777116,2.77847083529,0.0,0.00624900139385
9,0.920837864941,7.1571846408,10.7360602913,0.102560171197
10,-0.582892556913,21.0461713252,48.3462755329,0.445317647966
11,0.113092628937,25.6873136921,0.659856899525,0.665855668139
12,0.998634494083,1.85728685809,0.0,0.00184076138352
13,0.937177397056,6.46751830471,11.8809042665,0.0820834968627
14,-0.579358059139,20.459219733,49.7332748305,0.448088402341
15,0.158055397517,23.9677130679,0.707199352811,0.657632673204
16,0.454400921022,19.3592574296,4.8447063288,0.535215028144
17,-0.798055783545,5.87283889184,170.369741969,0.244909206407
18,0.953456815553,4.65854042277,16.4944293377,0.0613239948974
19,-0.567069449847,18.6688033029,54.5029041921,0.457590508209
20,-0.57065290632,14.0107112524,78.1076666205,0.454840658518
