,mx_co,mx_di,mx_gr,mx_si
0,,7.8844793002190245,1.1828832373942195,
