a,cv,eopt,gyo,idcr,lcor,lgrad,lo,lopt,lrio,o,std,yo
0.00105229329435,0.368658548919,2.0,129.843578803,000498205A,279.688474242,46.1278738708,950.3054,162.908174056,266.51993434,0.2,3903.31171369,10587.8779297
