a,cv,eopt,gyo,idcr,lcor,lgrad,lo,lopt,lrio,o,std,yo
0.000512983062684,0.1853298023,0.0,436.016401603,004984706A,2270.21213243,17.5684867394,1949.3821,1143.89030959,54.9843663026,0.2,2509.61704216,13541.3571429
