,mx_co,mx_di,mx_gr,mx_si
0,-0.108777327348,4.22610935677,1612.16822463,0.666501441582
1,0.537138247238,8.66424134608,120.876111695,0.479882325091
2,0.0986647212849,20.6799483119,27.8821096264,0.667916356783
3,0.557732421925,16.8332581904,34.2536530587,0.464674127596
4,-0.321456555205,23.8019816917,54.2601879428,0.604785094242
5,0.927662944242,1.66019927771,2243.34479849,0.0940507920097
6,0.0576388644746,4.43860603863,1299.03383267,0.672241466522
7,-0.603576052797,16.5799578903,445.706789702,0.428765638471
8,-0.363962791625,12.9148566038,572.193717,0.585134325617
9,-0.667408236939,19.6657174299,280.777919161,0.374045093085
10,0.775851392291,5.88290506556,525.046685311,0.268480776768
11,0.320131886349,12.3330844277,131.670256546,0.60535833147
12,0.859640716015,9.04570560863,179.521693592,0.176051901566
13,0.0353944616547,15.3485678335,15.9102919536,0.673637287847
14,-0.0664323292028,10.3192545927,259.427615179,0.671505595813
15,0.65280548079,4.40434380688,0.0,0.387048273967
16,0.432938561268,3.19823176292,584.104193937,0.548060137506
17,-0.440284684503,22.2739525562,193.095499739,0.54373346496
18,-0.105407509559,7.55810621899,247.16516701,0.666988258509
19,-0.290188341853,18.3681620757,234.155163826,0.617684596513
20,-0.469650012436,25.4087324827,95.7505226109,0.52571094104
