a,cv,eopt,gyo,idcr,lcor,lgrad,lo,lopt,lrio,o,std,yo
0.0803625960333,0.567127430969,13.0,23.422444854,004989815A,1.54755012918,14.6223232512,12.4436,8.0849366902,107.713826553,0.2,343.363613152,605.443493652
