a,cv,eopt,gyo,idcr,lcor,lgrad,lo,lopt,lrio,o,std,yo
0.0107164022037,0.539871758844,7.0,38.2846080242,004984205A,12.8064797413,9.49972223292,93.3149,11.1531009871,74.7002363521,0.2,347.096898038,642.924717494
