,mx_co,mx_di,mx_gr,mx_si
0,0.928959948697,12.5819617931,12.5443877838,0.0924266062472
1,-0.141249110505,21.3662340063,27.7646030615,0.661025452147
2,-0.313646004464,29.0503913162,20.1867509299,0.608130863999
3,0.0187510409151,34.5878159159,12.7563123167,0.674245108582
4,-0.615421603186,40.018751754,28.4992152741,0.419026318259
5,-0.546347824269,15.0142702658,48.0807252298,0.473152038661
6,0.0472252714746,9.19749490857,47.3381070193,0.672978009533
7,-0.390144431079,17.1109803179,25.0482437674,0.571817507495
8,-0.243460300188,22.6160869746,12.5300178887,0.63450372619
9,-0.488587219813,27.9053043025,35.2144525203,0.51347155857
10,-0.385957253769,2.43557647469,231.593629361,0.574009355872
11,0.214384378047,7.92060410511,0.857509363916,0.643482606817
12,0.055470584236,13.4188497686,11.3282454568,0.672406885308
13,-0.384302457102,18.7375008892,29.2076311762,0.574869066607
14,0.810149685137,7.0863567141,18.1577081512,0.23179087812
15,0.869137447636,5.54217038245,26.202736783,0.164978425707
16,0.56345436182,10.9821728769,50.4517651958,0.460347078815
17,-0.011921561011,14.9908791125,9.03642729968,0.674386397721
18,0.775562366057,5.50016932938,127.139729194,0.268783214125
19,-0.329088799858,20.4456642354,13.7282906422,0.601436208013
20,-0.321002238526,25.6651642829,16.3102800921,0.604981961952
