a,cv,eopt,gyo,idcr,lcor,lgrad,lo,lopt,lrio,o,std,yo
0.0493749135939,0.401354516923,7.0,293.678810258,000013410P,5.02918177141,8.80424039357,20.2532,6.91671108249,49.304469325,0.2,1834.49980557,4570.77154541
