a,cv,eopt,gyo,idcr,lcor,lgrad,lo,lopt,lrio,o,std,yo
0.04937491359390121,0.4013545169229427,17.0,293.6788102582105,000013410P,1.2572954428514413,4.402120196782976,20.2532,2.8297078198172088,49.30446932496001,0.1,1834.4998055721596,4570.7715454075005
0.04937491359390121,0.4013545169229427,10.0,293.6788102582105,000013410P,2.8289147464157423,6.603180295174463,20.2532,4.716047520795103,49.30446932496001,0.15,1834.4998055721596,4570.7715454075005
0.04937491359390121,0.4013545169229427,7.0,293.6788102582105,000013410P,5.029181771405765,8.804240393565951,20.2532,6.916711082485858,49.30446932496001,0.2,1834.4998055721596,4570.7715454075005
