,mx_co,mx_di,mx_gr,mx_si
0,1.0,0.562904680067,0.0,0.0
1,-1.0,5.51423563249,579.315899411,0.0
2,-1.0,14.6539747309,275.993655441,-2.99530292826e-16
3,-1.0,5.36603299765,595.315827614,0.0
4,-1.0,15.1050415217,267.751932156,0.0
5,-1.0,19.4509449477,43.6955469266,0.0
