,mx_co,mx_di,mx_gr,mx_si
0,1.0,0.5629046800671749,0.0,0.0
1,-1.0,5.514235632488315,579.3158994111536,0.0
2,-1.0000000000000002,14.653974730910104,275.99365544141466,-2.99530292826345e-16
3,-1.0,5.366032997649018,595.3158276141008,0.0
4,-1.0,15.105041521694242,267.75193215598415,0.0
5,-1.0,19.45094494771987,43.69554692660996,0.0
