,mx_co,mx_di,mx_gr,mx_si
0,,9.16629812193,1598.15328055,
1,,6.06354459894,4051.15360911,
2,,15.2258110145,651.210051305,
