,mx_co,mx_di,mx_gr,mx_si
0,,13.3500450784,15.4261218894,
