,mx_co,mx_di,mx_gr,mx_si
0,,0.227812331466837,510.8132958466906,
