,mx_co,mx_di,mx_gr,mx_si
0,,4.63684983799,477.06525623,
