a,cv,eopt,gyo,idcr,lcor,lgrad,lo,lopt,lrio,o,std,yo
0.00333214264769,0.735406435069,14.0,49.5901074228,000137215P,22.1963495069,12.4022324996,300.1072,17.2992910033,238.274778477,0.2,799.553178925,1087.22624769
