a,cv,eopt,gyo,idcr,lcor,lgrad,lo,lopt,lrio,o,std,yo
0.0843938831314,0.613336385,14.0,38.6638976987,004991813A,1.25994492907,32.5636646333,11.8492,16.9118047812,240.803509272,0.2,1365.09427842,2225.68611908
